Életkor,Pontszám,Jövedelem,Tapasztalat,Osztály,Ország,Szint
58.0,63,64965.0,12.0,Marketing,India,Középhaladó
48.0,75,145932.0,21.0,IT,India,Senior
34.0,53,24648.0,36.0,IT,Németország,Senior
62.0,74,55133.0,32.0,HR,Brazília,Senior
27.0,94,70677.0,,Értékesítés,USA,Középhaladó
40.0,91,,18.0,HR,India,Junior
58.0,74,114588.0,22.0,HR,Japán,Junior
38.0,67,119950.0,28.0,IT,India,Senior
42.0,89,118317.0,29.0,Értékesítés,Brazília,Középhaladó
30.0,57,90135.0,38.0,Marketing,Japán,Középhaladó
30.0,88,55046.0,24.0,IT,Németország,Középhaladó
43.0,89,67064.0,36.0,Marketing,USA,Középhaladó
55.0,63,121459.0,7.0,Marketing,Németország,Középhaladó
59.0,81,126625.0,15.0,Értékesítés,Németország,Junior
43.0,87,89350.0,,HR,USA,Junior
22.0,82,65893.0,0.0,Értékesítés,USA,Junior
41.0,72,121520.0,4.0,Marketing,India,Senior
21.0,64,145818.0,2.0,IT,India,Középhaladó
43.0,82,81272.0,0.0,Marketing,USA,Senior
63.0,74,112152.0,3.0,IT,Japán,Középhaladó
49.0,66,142907.0,39.0,IT,Franciaország,Junior
57.0,82,87649.0,34.0,Értékesítés,India,Senior
21.0,96,84674.0,,Marketing,Franciaország,Junior
40.0,51,144132.0,33.0,HR,Japán,Középhaladó
52.0,63,139044.0,24.0,Marketing,USA,Középhaladó
31.0,89,128542.0,9.0,Marketing,Japán,Középhaladó
41.0,89,33760.0,20.0,HR,India,Junior
63.0,88,41927.0,38.0,Értékesítés,Németország,Középhaladó
44.0,55,106475.0,26.0,Marketing,USA,Junior
46.0,55,81367.0,26.0,Marketing,Brazília,Senior
61.0,52,117955.0,1.0,IT,Franciaország,Középhaladó
47.0,56,32588.0,12.0,Marketing,Japán,Középhaladó
35.0,57,141750.0,8.0,HR,USA,Középhaladó
34.0,91,121678.0,,IT,Japán,Senior
63.0,64,124734.0,21.0,Értékesítés,USA,Középhaladó
22.0,96,138154.0,25.0,IT,India,Junior
56.0,78,,11.0,HR,India,Junior
26.0,82,64738.0,16.0,HR,India,Középhaladó
40.0,79,53397.0,13.0,IT,Japán,Középhaladó
28.0,88,102189.0,13.0,Értékesítés,Brazília,Senior
58.0,76,96367.0,33.0,IT,India,Senior
37.0,85,144873.0,19.0,Értékesítés,USA,Senior
23.0,78,91260.0,10.0,IT,India,Középhaladó
44.0,87,140585.0,15.0,HR,Németország,Senior
33.0,82,96619.0,30.0,Marketing,India,Senior
28.0,86,131453.0,5.0,Marketing,Japán,Junior
45.0,76,39816.0,18.0,Értékesítés,Brazília,Senior
21.0,82,62240.0,,Értékesítés,Németország,Junior
39.0,53,26276.0,3.0,Értékesítés,Japán,Junior
47.0,71,133939.0,,HR,Japán,Senior
26.0,51,124199.0,19.0,IT,Japán,Junior
63.0,59,99530.0,9.0,HR,USA,Középhaladó
27.0,54,43499.0,23.0,Marketing,Japán,Középhaladó
54.0,59,108576.0,,Értékesítés,USA,Senior
33.0,82,128856.0,25.0,IT,Japán,Középhaladó
36.0,87,102495.0,36.0,Marketing,Franciaország,Junior
55.0,62,141717.0,37.0,Marketing,Németország,Középhaladó
59.0,80,91635.0,20.0,Marketing,Franciaország,Senior
23.0,96,127803.0,39.0,HR,Japán,Senior
21.0,85,105112.0,38.0,Értékesítés,Németország,Junior
25.0,94,55946.0,,Marketing,Németország,Senior
61.0,73,,9.0,Értékesítés,Brazília,Középhaladó
23.0,64,71886.0,,HR,Franciaország,Senior
48.0,78,91652.0,3.0,Marketing,Brazília,Junior
37.0,57,35563.0,19.0,HR,Németország,Senior
45.0,54,112324.0,16.0,HR,USA,Középhaladó
63.0,78,112464.0,6.0,Értékesítés,Németország,Junior
53.0,96,121872.0,3.0,Marketing,Brazília,Középhaladó
29.0,53,29847.0,28.0,HR,Franciaország,Junior
55.0,61,46155.0,13.0,Marketing,Japán,Senior
33.0,94,99671.0,2.0,Értékesítés,Japán,Junior
50.0,51,136891.0,23.0,HR,Franciaország,Junior
34.0,76,103310.0,36.0,Értékesítés,Japán,Senior
27.0,80,87278.0,15.0,Marketing,Japán,Középhaladó
33.0,85,38309.0,3.0,Marketing,Brazília,Senior
42.0,85,20619.0,23.0,Értékesítés,Franciaország,Junior
59.0,75,103194.0,33.0,IT,India,Senior
40.0,92,70108.0,29.0,HR,USA,Junior
35.0,76,54707.0,17.0,Marketing,USA,Senior
64.0,54,,18.0,Marketing,Japán,Senior
37.0,69,145261.0,30.0,HR,USA,Középhaladó
43.0,60,101537.0,18.0,Értékesítés,Franciaország,Junior
45.0,59,86504.0,18.0,Értékesítés,Franciaország,Középhaladó
44.0,89,67614.0,21.0,Értékesítés,Németország,Junior
64.0,87,111428.0,23.0,IT,Németország,Senior
60.0,55,111155.0,,IT,USA,Junior
48.0,57,20281.0,29.0,Marketing,India,Középhaladó
34.0,72,47420.0,37.0,Értékesítés,Németország,Középhaladó
64.0,96,100896.0,,HR,Németország,Középhaladó
20.0,75,59030.0,35.0,Marketing,Franciaország,Junior
44.0,95,,18.0,HR,India,Középhaladó
26.0,92,106213.0,35.0,Marketing,Japán,Középhaladó
28.0,61,96260.0,29.0,IT,USA,Középhaladó
43.0,75,48404.0,32.0,Marketing,Németország,Senior
20.0,62,123482.0,17.0,IT,India,Senior
63.0,89,125284.0,27.0,Marketing,India,Junior
27.0,67,49856.0,10.0,Értékesítés,USA,Junior
43.0,74,29200.0,32.0,HR,India,Középhaladó
30.0,82,84178.0,16.0,Értékesítés,India,Senior
36.0,96,53997.0,5.0,Marketing,India,Középhaladó
27.0,89,45611.0,3.0,Marketing,Németország,Középhaladó
54.0,92,,19.0,Marketing,USA,Senior
54.0,61,61235.0,26.0,IT,India,Senior
52.0,93,137428.0,,HR,India,Senior
24.0,85,55057.0,5.0,HR,Németország,Junior
61.0,97,21239.0,13.0,Marketing,USA,Junior
58.0,53,123674.0,10.0,Marketing,Franciaország,Középhaladó
60.0,54,134474.0,38.0,IT,Németország,Junior
47.0,86,,8.0,Értékesítés,USA,Senior
26.0,57,146945.0,25.0,Értékesítés,India,Senior
28.0,91,65272.0,15.0,HR,USA,Junior
27.0,98,109393.0,4.0,IT,USA,Középhaladó
31.0,77,81212.0,,Marketing,Japán,Középhaladó
53.0,80,144088.0,2.0,HR,USA,Junior
52.0,58,35398.0,12.0,IT,Franciaország,Középhaladó
42.0,78,140030.0,29.0,Értékesítés,USA,Középhaladó
43.0,63,76503.0,5.0,IT,Franciaország,Középhaladó
56.0,89,26638.0,16.0,Értékesítés,India,Senior
54.0,90,26570.0,18.0,IT,Franciaország,Senior
63.0,71,88785.0,34.0,HR,India,Junior
59.0,60,29110.0,,Értékesítés,India,Senior
41.0,72,125899.0,4.0,HR,Franciaország,Középhaladó
46.0,50,99141.0,28.0,HR,Németország,Senior
54.0,95,32115.0,,Értékesítés,Brazília,Junior
20.0,86,59062.0,19.0,Értékesítés,USA,Senior
54.0,70,42911.0,20.0,Marketing,Japán,Középhaladó
56.0,75,124061.0,9.0,Marketing,Brazília,Középhaladó
33.0,95,52556.0,4.0,Marketing,USA,Junior
22.0,85,98131.0,35.0,HR,USA,Senior
20.0,72,148335.0,5.0,HR,India,Senior
24.0,50,21969.0,25.0,Marketing,USA,Senior
45.0,89,63753.0,3.0,HR,Japán,Középhaladó
33.0,64,,38.0,HR,USA,Junior
58.0,70,24470.0,38.0,Értékesítés,Franciaország,Senior
46.0,96,141863.0,34.0,Értékesítés,Brazília,Középhaladó
28.0,58,30225.0,0.0,HR,Franciaország,Középhaladó
34.0,58,127860.0,23.0,Marketing,Japán,Középhaladó
34.0,59,143008.0,35.0,IT,USA,Senior
45.0,75,127510.0,,Marketing,Japán,Senior
61.0,90,128295.0,30.0,IT,India,Senior
32.0,84,,19.0,Marketing,Franciaország,Senior
51.0,74,125823.0,23.0,Értékesítés,Franciaország,Senior
58.0,75,33669.0,24.0,HR,Németország,Senior
51.0,60,57380.0,35.0,HR,USA,Senior
23.0,87,144398.0,20.0,Értékesítés,India,Senior
49.0,51,130677.0,29.0,IT,Franciaország,Senior
56.0,56,135886.0,23.0,IT,Franciaország,Középhaladó
42.0,67,146753.0,29.0,IT,India,Senior
58.0,76,68320.0,21.0,Értékesítés,Japán,Junior
64.0,83,67414.0,27.0,IT,Japán,Középhaladó
34.0,76,123542.0,6.0,Értékesítés,USA,Senior
62.0,66,35577.0,34.0,Marketing,Németország,Junior
48.0,92,,27.0,Marketing,Franciaország,Senior
55.0,93,108009.0,13.0,Értékesítés,Németország,Junior
32.0,73,146365.0,9.0,HR,Japán,Junior
51.0,74,,15.0,Marketing,Japán,Junior
26.0,56,48625.0,15.0,IT,Brazília,Junior
41.0,55,101040.0,30.0,Értékesítés,USA,Középhaladó
47.0,73,,24.0,IT,Brazília,Középhaladó
21.0,82,,,IT,Brazília,Junior
61.0,98,85838.0,5.0,HR,Brazília,Senior
64.0,78,116999.0,8.0,IT,USA,Junior
25.0,92,130448.0,35.0,HR,USA,Középhaladó
47.0,71,114795.0,19.0,Marketing,India,Senior
47.0,75,70138.0,17.0,Értékesítés,Németország,Középhaladó
63.0,77,62823.0,20.0,IT,Németország,Középhaladó
63.0,99,57208.0,3.0,Értékesítés,India,Senior
39.0,70,74061.0,32.0,IT,India,Junior
49.0,98,50659.0,26.0,Értékesítés,Japán,Junior
30.0,56,149824.0,6.0,IT,Brazília,Junior
47.0,66,121376.0,5.0,IT,India,Junior
44.0,69,51890.0,14.0,IT,Franciaország,Senior
58.0,90,99134.0,17.0,IT,Németország,Senior
52.0,98,67055.0,31.0,IT,India,Senior
20.0,69,132269.0,,IT,Franciaország,Középhaladó
46.0,71,39508.0,19.0,IT,Franciaország,Senior
32.0,77,62287.0,23.0,IT,Franciaország,Junior
60.0,89,,14.0,IT,Japán,Középhaladó
22.0,98,46984.0,6.0,Értékesítés,Japán,Junior
58.0,56,130169.0,20.0,HR,Franciaország,Junior
25.0,50,28125.0,25.0,IT,Japán,Senior
27.0,81,56059.0,13.0,HR,Brazília,Senior
46.0,62,89569.0,36.0,IT,Franciaország,Junior
28.0,79,123409.0,20.0,IT,Brazília,Junior
56.0,72,37087.0,17.0,Értékesítés,Brazília,Középhaladó
52.0,68,126437.0,4.0,Marketing,Franciaország,Senior
61.0,81,135262.0,2.0,Marketing,Németország,Középhaladó
63.0,79,25704.0,22.0,Értékesítés,Franciaország,Középhaladó
43.0,78,80576.0,25.0,HR,Franciaország,Középhaladó
34.0,98,93384.0,36.0,Marketing,Japán,Junior
51.0,94,107128.0,23.0,Értékesítés,Franciaország,Középhaladó
51.0,78,131279.0,18.0,Értékesítés,Németország,Középhaladó
43.0,79,92460.0,24.0,Marketing,Japán,Junior
60.0,65,47208.0,20.0,HR,USA,Senior
31.0,89,138516.0,,Értékesítés,USA,Senior
58.0,68,149612.0,32.0,IT,Brazília,Középhaladó
21.0,67,105150.0,3.0,HR,Brazília,Junior
22.0,50,86024.0,6.0,HR,Németország,Senior
56.0,63,59882.0,21.0,Marketing,India,Középhaladó
36.0,96,45923.0,32.0,Marketing,USA,Középhaladó
21.0,99,146561.0,16.0,IT,Brazília,Junior
21.0,51,134044.0,23.0,Értékesítés,USA,Középhaladó
47.0,77,121477.0,33.0,Marketing,Németország,Senior
42.0,98,49165.0,27.0,Marketing,Németország,Junior
56.0,99,87203.0,,HR,India,Senior
51.0,79,111749.0,21.0,Marketing,India,Senior
52.0,87,24114.0,16.0,Marketing,Japán,Senior
20.0,53,84965.0,33.0,Marketing,Németország,Középhaladó
38.0,50,56321.0,5.0,Marketing,Brazília,Középhaladó
21.0,57,,5.0,HR,USA,Senior
63.0,78,116652.0,33.0,IT,Franciaország,Senior
45.0,88,119304.0,0.0,IT,India,Junior
51.0,52,133942.0,9.0,Értékesítés,Franciaország,Junior
25.0,81,45426.0,20.0,Marketing,Brazília,Középhaladó
51.0,59,37772.0,4.0,HR,India,Középhaladó
23.0,59,123754.0,1.0,Értékesítés,Franciaország,Junior
30.0,68,23712.0,21.0,Értékesítés,Brazília,Senior
36.0,95,21367.0,1.0,IT,USA,Középhaladó
57.0,83,126493.0,9.0,HR,Brazília,Senior
43.0,82,,33.0,HR,Japán,Junior
24.0,72,135142.0,15.0,HR,India,Középhaladó
53.0,77,111736.0,38.0,IT,Németország,Középhaladó
25.0,81,71924.0,,IT,USA,Junior
41.0,99,23726.0,11.0,IT,Franciaország,Középhaladó
30.0,56,,23.0,IT,India,Junior
35.0,78,47723.0,39.0,IT,Németország,Középhaladó
52.0,57,146969.0,37.0,Marketing,Brazília,Junior
28.0,50,123110.0,9.0,Marketing,Németország,Középhaladó
25.0,52,120494.0,34.0,HR,India,Senior
35.0,73,29108.0,31.0,Értékesítés,India,Senior
48.0,72,97714.0,6.0,HR,Japán,Senior
22.0,57,55643.0,20.0,Értékesítés,Japán,Középhaladó
39.0,96,51324.0,,IT,Németország,Középhaladó
55.0,86,123896.0,25.0,Értékesítés,Brazília,Senior
38.0,52,103360.0,3.0,HR,Németország,Senior
45.0,82,130896.0,21.0,HR,India,Junior
22.0,77,28927.0,14.0,Értékesítés,India,Junior
38.0,96,113680.0,39.0,Marketing,Franciaország,Junior
39.0,57,,20.0,IT,Japán,Senior
51.0,83,42443.0,,IT,Franciaország,Senior
26.0,84,99973.0,21.0,HR,USA,Senior
60.0,81,83449.0,27.0,Marketing,India,Junior
52.0,73,129834.0,13.0,Értékesítés,Franciaország,Középhaladó
59.0,63,125314.0,26.0,IT,Németország,Senior
58.0,81,96743.0,39.0,Marketing,Japán,Középhaladó
37.0,95,141805.0,27.0,IT,Japán,Középhaladó
59.0,92,80233.0,25.0,Marketing,Brazília,Középhaladó
20.0,65,45537.0,1.0,Marketing,Németország,Junior
30.0,53,121293.0,24.0,HR,Brazília,Középhaladó
47.0,86,97576.0,2.0,IT,Franciaország,Senior
44.0,70,127522.0,7.0,Értékesítés,USA,Junior
42.0,63,,32.0,HR,Németország,Senior
50.0,80,113977.0,,HR,Németország,Senior
49.0,97,26471.0,5.0,Értékesítés,Németország,Junior
61.0,67,,38.0,HR,Brazília,Senior
54.0,56,148449.0,,Marketing,Franciaország,Senior
26.0,59,128997.0,24.0,Marketing,Németország,Junior
35.0,56,112059.0,18.0,IT,Németország,Senior
45.0,82,,4.0,IT,Japán,Középhaladó
21.0,72,84732.0,10.0,Értékesítés,USA,Senior
20.0,70,21177.0,11.0,IT,Japán,Középhaladó
31.0,68,24760.0,9.0,Marketing,Japán,Senior
24.0,97,52779.0,7.0,Értékesítés,USA,Junior
56.0,68,41636.0,23.0,Értékesítés,Franciaország,Junior
51.0,85,101889.0,27.0,IT,Japán,Senior
28.0,78,73551.0,35.0,Marketing,Franciaország,Junior
60.0,67,31556.0,36.0,Értékesítés,Japán,Senior
54.0,51,47598.0,20.0,Marketing,India,Junior
38.0,50,31563.0,7.0,Marketing,USA,Középhaladó
35.0,96,66819.0,8.0,Marketing,Japán,Senior
22.0,54,129326.0,14.0,IT,India,Középhaladó
39.0,69,93770.0,39.0,HR,Brazília,Középhaladó
43.0,60,111055.0,,HR,India,Senior
52.0,91,46966.0,19.0,Értékesítés,Németország,Középhaladó
43.0,51,140133.0,5.0,Marketing,Japán,Senior
30.0,52,101709.0,11.0,IT,India,Középhaladó
27.0,72,,1.0,Marketing,Franciaország,Senior
55.0,61,46987.0,,Marketing,Brazília,Senior
57.0,69,98714.0,15.0,IT,Japán,Junior
59.0,54,,,HR,Németország,Senior
39.0,86,78348.0,2.0,Marketing,India,Senior
54.0,87,44596.0,26.0,Marketing,Brazília,Középhaladó
44.0,79,53174.0,39.0,HR,Japán,Senior
54.0,58,84106.0,37.0,IT,Brazília,Junior
44.0,83,127510.0,32.0,Értékesítés,Németország,Középhaladó
48.0,93,89967.0,27.0,HR,India,Középhaladó
37.0,84,79182.0,,Értékesítés,Brazília,Junior
37.0,71,113300.0,7.0,Értékesítés,Brazília,Középhaladó
21.0,93,107163.0,36.0,HR,USA,Középhaladó
54.0,73,59310.0,,Marketing,Brazília,Középhaladó
35.0,66,76088.0,36.0,Értékesítés,USA,Középhaladó
60.0,59,148803.0,3.0,Értékesítés,India,Junior
55.0,79,28906.0,29.0,IT,Japán,Junior
52.0,95,56914.0,5.0,Marketing,Japán,Középhaladó
23.0,72,130350.0,,Értékesítés,India,Középhaladó
52.0,81,65379.0,31.0,IT,India,Junior
33.0,66,98612.0,8.0,Marketing,Franciaország,Junior
40.0,99,134828.0,11.0,HR,India,Junior
39.0,66,147445.0,10.0,HR,Brazília,Középhaladó
27.0,63,,15.0,IT,Japán,Középhaladó
26.0,58,66881.0,0.0,HR,Németország,Senior
22.0,89,66413.0,20.0,Értékesítés,Japán,Junior
36.0,51,,29.0,Marketing,USA,Középhaladó
52.0,94,70115.0,12.0,Értékesítés,Japán,Junior
31.0,74,27151.0,33.0,Értékesítés,Franciaország,Középhaladó
41.0,88,77716.0,3.0,HR,India,Junior
41.0,58,113747.0,27.0,Értékesítés,India,Középhaladó
49.0,71,112653.0,,HR,Japán,Senior
57.0,92,56378.0,,Marketing,Németország,Senior
57.0,95,62652.0,26.0,Marketing,Németország,Junior
64.0,53,92430.0,4.0,Értékesítés,Franciaország,Középhaladó
27.0,75,33467.0,24.0,IT,USA,Középhaladó
46.0,78,51010.0,,HR,Japán,Junior
46.0,94,148647.0,32.0,HR,India,Középhaladó
53.0,83,141999.0,3.0,Értékesítés,Japán,Junior
40.0,72,134793.0,24.0,HR,Franciaország,Középhaladó
49.0,86,74691.0,,HR,Brazília,Junior
52.0,60,84157.0,33.0,IT,Brazília,Középhaladó
47.0,55,128177.0,,IT,Franciaország,Junior
52.0,67,32289.0,4.0,Értékesítés,India,Középhaladó
24.0,70,64976.0,34.0,IT,Franciaország,Senior
38.0,91,63596.0,27.0,Értékesítés,India,Középhaladó
23.0,85,43171.0,28.0,Marketing,Németország,Junior
54.0,90,120441.0,8.0,Értékesítés,Franciaország,Senior
36.0,87,146296.0,37.0,Marketing,India,Középhaladó
63.0,83,106365.0,5.0,Értékesítés,Franciaország,Senior
47.0,66,138218.0,18.0,HR,Franciaország,Középhaladó
49.0,86,119590.0,10.0,IT,India,Senior
48.0,74,134014.0,1.0,Marketing,India,Junior
25.0,87,64139.0,8.0,Értékesítés,USA,Középhaladó
54.0,61,68713.0,20.0,IT,Franciaország,Középhaladó
60.0,72,49734.0,23.0,Értékesítés,Brazília,Junior
56.0,91,,33.0,IT,Franciaország,Senior
43.0,71,83646.0,21.0,IT,Franciaország,Junior
48.0,70,23654.0,2.0,Értékesítés,India,Junior
50.0,76,109022.0,11.0,Marketing,Franciaország,Senior
54.0,80,38743.0,,Marketing,Japán,Junior
52.0,55,68368.0,29.0,HR,Franciaország,Középhaladó
40.0,76,,,IT,Japán,Középhaladó
51.0,89,94172.0,,HR,Brazília,Középhaladó
42.0,83,26441.0,27.0,HR,India,Junior
52.0,61,139735.0,25.0,Értékesítés,Franciaország,Középhaladó
22.0,94,44611.0,32.0,Értékesítés,Japán,Középhaladó
37.0,56,139891.0,20.0,Értékesítés,Japán,Középhaladó
44.0,59,127971.0,34.0,IT,Japán,Középhaladó
61.0,94,32149.0,33.0,Értékesítés,Németország,Középhaladó
50.0,66,120102.0,17.0,Értékesítés,USA,Középhaladó
22.0,75,79189.0,10.0,IT,Brazília,Junior
59.0,70,127904.0,22.0,IT,Franciaország,Középhaladó
43.0,77,,21.0,Marketing,Németország,Középhaladó
51.0,95,91031.0,16.0,Értékesítés,Franciaország,Senior
41.0,51,62668.0,4.0,Értékesítés,Franciaország,Junior
42.0,92,,10.0,Értékesítés,India,Junior
21.0,50,149582.0,29.0,Marketing,India,Junior
46.0,85,96666.0,14.0,Értékesítés,India,Junior
61.0,75,108204.0,26.0,Marketing,Németország,Középhaladó
21.0,78,100758.0,34.0,HR,Franciaország,Középhaladó
45.0,70,,32.0,Marketing,USA,Senior
36.0,60,43669.0,19.0,HR,Brazília,Senior
59.0,89,54068.0,15.0,Értékesítés,India,Junior
52.0,60,108789.0,33.0,HR,India,Senior
28.0,85,29435.0,1.0,Marketing,Franciaország,Senior
62.0,98,114088.0,34.0,IT,Franciaország,Junior
58.0,88,72249.0,,HR,Németország,Junior
48.0,89,57384.0,27.0,HR,Németország,Senior
61.0,84,148782.0,38.0,Értékesítés,India,Középhaladó
45.0,83,101929.0,5.0,Marketing,Franciaország,Senior
54.0,96,147959.0,8.0,HR,USA,Senior
44.0,73,96153.0,19.0,HR,Brazília,Középhaladó
43.0,71,124056.0,0.0,HR,Franciaország,Középhaladó
32.0,54,,7.0,HR,Franciaország,Junior
26.0,82,51401.0,22.0,IT,Japán,Junior
55.0,85,145511.0,2.0,Marketing,Németország,Senior
64.0,96,91831.0,3.0,Értékesítés,Brazília,Középhaladó
39.0,69,139503.0,24.0,Értékesítés,India,Junior
20.0,68,135760.0,37.0,IT,Franciaország,Senior
27.0,84,121529.0,14.0,Marketing,India,Középhaladó
35.0,92,,20.0,HR,Franciaország,Senior
33.0,66,54084.0,34.0,IT,India,Junior
31.0,94,140387.0,13.0,Marketing,Brazília,Junior
42.0,92,,35.0,HR,Németország,Középhaladó
34.0,83,125111.0,11.0,IT,Brazília,Senior
47.0,58,75826.0,16.0,Marketing,Japán,Középhaladó
53.0,75,56451.0,38.0,Értékesítés,USA,Junior
21.0,51,,8.0,Értékesítés,Németország,Junior
51.0,58,51910.0,34.0,Marketing,Brazília,Senior
42.0,58,56041.0,12.0,Értékesítés,Japán,Senior
41.0,89,108920.0,14.0,Marketing,USA,Senior
44.0,66,85681.0,17.0,HR,Japán,Középhaladó
41.0,50,123314.0,32.0,Marketing,Franciaország,Senior
41.0,74,101571.0,5.0,HR,Franciaország,Senior
61.0,92,85481.0,26.0,IT,India,Junior
25.0,89,88576.0,22.0,Marketing,Németország,Junior
34.0,91,127958.0,26.0,IT,Franciaország,Senior
62.0,74,149265.0,33.0,Értékesítés,Japán,Senior
56.0,88,147556.0,37.0,HR,Németország,Junior
52.0,84,84174.0,13.0,Marketing,Franciaország,Senior
27.0,52,46160.0,35.0,IT,India,Középhaladó
63.0,99,135170.0,7.0,HR,Brazília,Középhaladó
63.0,86,137867.0,34.0,HR,India,Középhaladó
24.0,93,37633.0,18.0,Értékesítés,USA,Senior
58.0,93,114880.0,29.0,Értékesítés,Franciaország,Junior
23.0,79,37014.0,13.0,HR,USA,Senior
25.0,87,100532.0,19.0,HR,USA,Senior
64.0,83,,24.0,Marketing,Japán,Junior
51.0,61,61621.0,,HR,Németország,Junior
49.0,68,,23.0,Marketing,Japán,Junior
54.0,86,88388.0,,HR,Franciaország,Középhaladó
59.0,93,36014.0,25.0,Értékesítés,USA,Senior
35.0,98,112578.0,37.0,Marketing,Brazília,Junior
32.0,66,53755.0,22.0,IT,USA,Senior
61.0,59,60390.0,21.0,Értékesítés,Brazília,Középhaladó
49.0,98,43711.0,18.0,Marketing,Japán,Középhaladó
38.0,96,111658.0,2.0,Marketing,Japán,Junior
36.0,61,77993.0,18.0,IT,Németország,Junior
38.0,65,94696.0,8.0,Marketing,USA,Senior
47.0,73,47213.0,27.0,HR,India,Junior
45.0,68,135788.0,19.0,IT,Japán,Senior
56.0,57,124956.0,6.0,Értékesítés,Japán,Junior
45.0,80,,13.0,Értékesítés,Németország,Senior
42.0,70,27421.0,8.0,HR,Brazília,Senior
28.0,66,106936.0,,Értékesítés,Németország,Senior
31.0,72,119073.0,13.0,Marketing,USA,Senior
20.0,86,37727.0,37.0,Marketing,Franciaország,Középhaladó
20.0,65,132418.0,35.0,HR,Franciaország,Senior
53.0,55,24358.0,39.0,Értékesítés,Brazília,Junior
51.0,57,85108.0,,Értékesítés,Japán,Középhaladó
44.0,74,146609.0,29.0,HR,Brazília,Középhaladó
59.0,67,114018.0,8.0,IT,Japán,Senior
64.0,74,,32.0,Értékesítés,Japán,Középhaladó
20.0,61,52117.0,,IT,Franciaország,Senior
35.0,64,108700.0,13.0,Értékesítés,Brazília,Junior
58.0,75,51910.0,10.0,Értékesítés,Németország,Senior
24.0,90,146888.0,34.0,Értékesítés,Japán,Középhaladó
41.0,94,118032.0,13.0,Értékesítés,India,Junior
48.0,75,75754.0,29.0,Marketing,India,Senior
22.0,96,82438.0,3.0,IT,Németország,Junior
31.0,81,129847.0,3.0,IT,India,Junior
45.0,59,49371.0,27.0,Értékesítés,USA,Középhaladó
35.0,65,71501.0,7.0,Értékesítés,Japán,Junior
56.0,56,80946.0,1.0,IT,Németország,Középhaladó
41.0,66,58467.0,21.0,Marketing,Brazília,Junior
48.0,72,37625.0,,HR,Japán,Senior
33.0,75,53893.0,28.0,HR,Németország,Junior
47.0,70,96329.0,29.0,IT,Franciaország,Senior
24.0,71,51007.0,11.0,Értékesítés,Brazília,Senior
49.0,56,111302.0,34.0,Értékesítés,Franciaország,Junior
24.0,63,59532.0,10.0,Marketing,Japán,Senior
31.0,64,74253.0,20.0,HR,Brazília,Junior
35.0,56,32323.0,20.0,Marketing,India,Junior
45.0,58,131335.0,4.0,HR,Németország,Senior
45.0,97,132356.0,19.0,IT,Japán,Senior
40.0,57,130944.0,36.0,HR,USA,Középhaladó
58.0,99,93379.0,,Marketing,Brazília,Senior
55.0,72,,32.0,Marketing,Brazília,Középhaladó
52.0,78,36456.0,8.0,Marketing,Japán,Senior
49.0,67,51367.0,8.0,IT,Japán,Junior
56.0,80,74624.0,3.0,HR,Franciaország,Senior
42.0,79,30106.0,34.0,HR,India,Junior
29.0,88,123493.0,,Marketing,Franciaország,Junior
24.0,84,88008.0,33.0,HR,Franciaország,Junior
55.0,67,145926.0,,Értékesítés,India,Középhaladó
53.0,91,135395.0,31.0,Értékesítés,USA,Senior
50.0,88,136492.0,0.0,Értékesítés,Franciaország,Junior
29.0,66,92240.0,7.0,HR,Franciaország,Junior
38.0,63,84315.0,22.0,IT,Brazília,Középhaladó
51.0,80,89249.0,39.0,IT,India,Senior
20.0,73,90587.0,11.0,IT,Németország,Senior
24.0,84,30756.0,11.0,IT,USA,Középhaladó
64.0,93,88011.0,14.0,Értékesítés,USA,Középhaladó
23.0,94,56378.0,18.0,Értékesítés,India,Senior
35.0,83,24255.0,25.0,Marketing,Japán,Középhaladó
43.0,52,34484.0,28.0,HR,Japán,Senior
35.0,86,145703.0,21.0,HR,Brazília,Senior
21.0,92,76549.0,39.0,IT,Brazília,Junior
47.0,89,54503.0,20.0,Értékesítés,India,Junior
51.0,75,144465.0,37.0,IT,Brazília,Senior
46.0,72,93794.0,19.0,Marketing,USA,Senior
39.0,93,145941.0,28.0,HR,USA,Senior
43.0,88,126283.0,3.0,HR,Németország,Senior
31.0,64,120732.0,6.0,IT,Japán,Senior
54.0,98,65113.0,27.0,Marketing,India,Senior
52.0,53,125730.0,27.0,HR,Franciaország,Középhaladó
52.0,78,94069.0,3.0,Marketing,Japán,Senior
62.0,71,118117.0,21.0,Marketing,Franciaország,Középhaladó
56.0,74,25249.0,11.0,IT,Németország,Középhaladó
31.0,62,145654.0,2.0,Értékesítés,Németország,Senior
22.0,67,139979.0,21.0,IT,Brazília,Senior
20.0,82,,1.0,Értékesítés,Németország,Középhaladó
52.0,65,145541.0,,Marketing,Németország,Középhaladó
59.0,94,78576.0,33.0,Értékesítés,Franciaország,Senior
29.0,91,138562.0,,Marketing,Brazília,Senior
62.0,93,145281.0,0.0,HR,Németország,Középhaladó
63.0,51,29686.0,7.0,HR,Japán,Középhaladó
48.0,84,132413.0,22.0,HR,Németország,Középhaladó
32.0,91,73363.0,37.0,IT,Brazília,Junior
31.0,83,117543.0,5.0,IT,India,Középhaladó
50.0,79,20661.0,21.0,Marketing,Brazília,Junior
21.0,62,64843.0,24.0,HR,Franciaország,Senior
54.0,62,115673.0,17.0,IT,India,Senior
42.0,67,80963.0,16.0,HR,Japán,Középhaladó
36.0,81,133092.0,11.0,IT,USA,Senior
45.0,81,62828.0,5.0,Értékesítés,Brazília,Senior
27.0,84,68604.0,25.0,Értékesítés,Franciaország,Senior
48.0,88,30526.0,26.0,HR,Japán,Senior
45.0,95,88910.0,7.0,Marketing,India,Junior
29.0,78,45592.0,18.0,IT,Japán,Junior
45.0,98,48982.0,0.0,IT,Brazília,Középhaladó
53.0,78,20207.0,28.0,Értékesítés,Németország,Középhaladó
60.0,93,120969.0,,Értékesítés,Brazília,Középhaladó
26.0,65,137181.0,39.0,Marketing,USA,Senior
23.0,93,108733.0,13.0,Marketing,Brazília,Senior
64.0,96,118936.0,34.0,Marketing,India,Junior
30.0,59,144982.0,19.0,HR,India,Junior
48.0,79,145839.0,12.0,Értékesítés,Brazília,Középhaladó
55.0,74,88619.0,37.0,HR,India,Junior
44.0,88,49328.0,7.0,Értékesítés,Németország,Junior
40.0,69,66479.0,19.0,Értékesítés,Japán,Junior
55.0,54,128427.0,32.0,IT,Brazília,Junior
29.0,50,40103.0,25.0,Értékesítés,Németország,Junior
56.0,79,59891.0,38.0,Értékesítés,Japán,Középhaladó
28.0,98,30754.0,20.0,HR,Japán,Középhaladó
43.0,52,,8.0,Értékesítés,Németország,Junior
54.0,94,101437.0,23.0,HR,Franciaország,Középhaladó
54.0,63,118540.0,36.0,Marketing,Brazília,Senior
55.0,79,92982.0,16.0,Értékesítés,Japán,Junior
37.0,99,,23.0,Értékesítés,Japán,Senior
58.0,53,75922.0,20.0,HR,India,Középhaladó
51.0,67,,38.0,Marketing,Japán,Középhaladó
43.0,86,49301.0,38.0,IT,Németország,Senior
42.0,74,111652.0,12.0,Marketing,Japán,Középhaladó
51.0,97,140787.0,10.0,HR,Franciaország,Junior
56.0,50,,18.0,Marketing,Brazília,Senior
31.0,95,82711.0,10.0,HR,Brazília,Junior
32.0,64,61323.0,,HR,Japán,Senior
42.0,58,38752.0,0.0,IT,USA,Középhaladó
44.0,64,,39.0,Értékesítés,USA,Senior
54.0,98,102205.0,18.0,HR,Németország,Senior
60.0,73,118452.0,11.0,HR,USA,Junior
49.0,53,,7.0,IT,Németország,Középhaladó
36.0,61,105957.0,7.0,HR,India,Junior
39.0,86,141237.0,11.0,Értékesítés,Németország,Középhaladó
44.0,86,76273.0,32.0,IT,USA,Junior
41.0,92,147431.0,25.0,Értékesítés,Japán,Senior
32.0,55,111878.0,,Értékesítés,India,Junior
38.0,88,24895.0,27.0,IT,USA,Középhaladó
55.0,95,139968.0,4.0,HR,Németország,Középhaladó
31.0,73,135700.0,7.0,Értékesítés,Franciaország,Senior
60.0,60,96559.0,24.0,Értékesítés,Brazília,Középhaladó
38.0,62,30699.0,26.0,Értékesítés,USA,Junior
31.0,83,85061.0,22.0,Értékesítés,Németország,Senior
28.0,74,29715.0,29.0,IT,India,Középhaladó
26.0,56,39169.0,22.0,IT,USA,Középhaladó
47.0,53,145436.0,19.0,Marketing,USA,Junior
33.0,57,,17.0,Marketing,Brazília,Junior
50.0,69,,17.0,Értékesítés,Németország,Senior
38.0,78,139264.0,1.0,HR,Franciaország,Középhaladó
35.0,94,25782.0,3.0,Értékesítés,India,Junior
24.0,95,108177.0,29.0,HR,Németország,Senior
54.0,59,149772.0,32.0,Értékesítés,India,Középhaladó
31.0,92,144481.0,35.0,Marketing,USA,Középhaladó
44.0,83,104328.0,17.0,Marketing,Brazília,Senior
40.0,75,135028.0,36.0,HR,Brazília,Senior
55.0,90,,18.0,Értékesítés,Japán,Junior
42.0,98,50682.0,27.0,HR,Franciaország,Középhaladó
35.0,52,67864.0,39.0,Marketing,Brazília,Középhaladó
58.0,55,149992.0,19.0,Értékesítés,USA,Középhaladó
64.0,54,104416.0,,Értékesítés,Franciaország,Senior
61.0,54,75114.0,11.0,HR,Németország,Junior
58.0,96,147810.0,14.0,IT,Brazília,Középhaladó
33.0,72,58067.0,38.0,HR,Franciaország,Senior
50.0,98,62685.0,1.0,Marketing,USA,Középhaladó
24.0,58,142262.0,28.0,Marketing,Japán,Junior
54.0,84,38073.0,9.0,Marketing,India,Középhaladó
42.0,69,56035.0,1.0,Marketing,India,Junior
48.0,98,,10.0,Marketing,USA,Junior
62.0,91,122710.0,12.0,IT,USA,Középhaladó
30.0,84,,9.0,Értékesítés,India,Középhaladó
37.0,99,103362.0,13.0,HR,Japán,Junior
31.0,67,110517.0,17.0,HR,Franciaország,Senior
28.0,66,85450.0,8.0,Marketing,India,Junior
29.0,73,30382.0,38.0,HR,USA,Középhaladó
63.0,52,24437.0,27.0,Marketing,Brazília,Középhaladó
36.0,81,90971.0,2.0,IT,Németország,Senior
57.0,84,84612.0,19.0,IT,Japán,Junior
26.0,87,110355.0,5.0,Értékesítés,Japán,Junior
32.0,62,81929.0,26.0,IT,Brazília,Junior
59.0,96,122411.0,1.0,IT,Brazília,Középhaladó
61.0,74,117518.0,28.0,Értékesítés,USA,Junior
28.0,58,118864.0,37.0,HR,India,Senior
46.0,53,32329.0,2.0,Marketing,Franciaország,Középhaladó
21.0,63,145605.0,,Marketing,Japán,Középhaladó
24.0,86,45169.0,29.0,HR,Japán,Junior
48.0,83,107468.0,39.0,Értékesítés,Brazília,Senior
56.0,60,54594.0,1.0,HR,India,Középhaladó
57.0,90,96957.0,16.0,IT,Japán,Középhaladó
38.0,52,80631.0,,Értékesítés,Franciaország,Junior
27.0,77,65033.0,34.0,Értékesítés,Brazília,Junior
64.0,78,83133.0,0.0,Értékesítés,Franciaország,Senior
20.0,58,,14.0,Marketing,India,Junior
41.0,52,93861.0,25.0,HR,Japán,Senior
36.0,74,72290.0,36.0,Értékesítés,Németország,Középhaladó
26.0,83,114031.0,20.0,Értékesítés,Japán,Senior
44.0,61,51750.0,30.0,Értékesítés,India,Senior
64.0,91,115155.0,24.0,HR,Japán,Senior
23.0,58,,22.0,Marketing,Japán,Középhaladó
55.0,64,93800.0,23.0,IT,USA,Junior
25.0,89,98222.0,37.0,Marketing,Japán,Középhaladó
50.0,74,132020.0,27.0,Értékesítés,Japán,Junior
38.0,54,44226.0,20.0,Marketing,Franciaország,Senior
63.0,60,26721.0,17.0,Marketing,Németország,Senior
58.0,83,76154.0,35.0,IT,Franciaország,Senior
46.0,73,,34.0,HR,Franciaország,Senior
29.0,64,72130.0,8.0,HR,Brazília,Senior
45.0,87,92909.0,37.0,Marketing,USA,Junior
38.0,57,124211.0,29.0,Marketing,Franciaország,Junior
58.0,54,75249.0,33.0,HR,India,Senior
22.0,97,68895.0,31.0,HR,India,Középhaladó
64.0,75,114473.0,2.0,IT,Japán,Középhaladó
32.0,67,25656.0,2.0,Értékesítés,Brazília,Senior
47.0,55,144865.0,,Marketing,USA,Junior
39.0,86,,,HR,USA,Középhaladó
47.0,97,83740.0,22.0,Marketing,Japán,Középhaladó
27.0,62,84309.0,39.0,Marketing,India,Középhaladó
60.0,77,49984.0,10.0,HR,Németország,Senior
58.0,54,138947.0,31.0,IT,Brazília,Középhaladó
20.0,62,93822.0,,Marketing,Japán,Középhaladó
22.0,66,25901.0,32.0,IT,Brazília,Középhaladó
32.0,99,51552.0,,HR,India,Középhaladó
47.0,89,,38.0,Értékesítés,India,Junior
44.0,94,,33.0,Értékesítés,Németország,Senior
52.0,81,,27.0,Marketing,Németország,Senior
57.0,78,93965.0,36.0,HR,USA,Junior
25.0,52,34716.0,,IT,Brazília,Junior
63.0,89,,,Marketing,Brazília,Senior
64.0,83,31138.0,36.0,HR,India,Középhaladó
51.0,89,55298.0,0.0,HR,USA,Középhaladó
64.0,76,71112.0,0.0,IT,Japán,Senior
40.0,62,43429.0,19.0,Marketing,Brazília,Középhaladó
35.0,94,70200.0,18.0,HR,USA,Junior
40.0,82,,28.0,HR,USA,Középhaladó
30.0,55,68244.0,9.0,HR,India,Középhaladó
56.0,73,137217.0,17.0,IT,USA,Középhaladó
55.0,68,134055.0,27.0,Marketing,Németország,Senior
54.0,65,121268.0,34.0,Marketing,Németország,Junior
38.0,89,125441.0,,Marketing,Franciaország,Középhaladó
39.0,77,,26.0,Marketing,India,Senior
37.0,82,36920.0,,Értékesítés,Japán,Középhaladó
60.0,97,,37.0,Értékesítés,Franciaország,Junior
33.0,90,66659.0,4.0,Marketing,Németország,Középhaladó
34.0,62,60108.0,7.0,IT,Franciaország,Junior
50.0,92,,33.0,Értékesítés,India,Középhaladó
20.0,94,109099.0,11.0,HR,India,Junior
22.0,74,,37.0,Értékesítés,USA,Középhaladó
35.0,91,130719.0,0.0,HR,Brazília,Junior
42.0,85,31871.0,,Marketing,USA,Középhaladó
30.0,76,114299.0,3.0,Értékesítés,India,Középhaladó
31.0,87,97452.0,4.0,IT,Németország,Senior
29.0,56,94270.0,29.0,Értékesítés,Japán,Senior
51.0,54,53613.0,23.0,Értékesítés,Németország,Junior
35.0,92,48179.0,2.0,Értékesítés,USA,Középhaladó
27.0,94,,10.0,Marketing,Japán,Junior
57.0,80,72188.0,3.0,IT,India,Senior
31.0,72,75099.0,25.0,Értékesítés,Németország,Junior
43.0,91,55262.0,,IT,India,Junior
47.0,59,98213.0,26.0,Marketing,Japán,Senior
27.0,81,137407.0,5.0,HR,Japán,Középhaladó
47.0,92,38268.0,14.0,Értékesítés,Németország,Junior
55.0,79,97866.0,29.0,IT,India,Senior
45.0,88,106269.0,36.0,IT,Franciaország,Középhaladó
27.0,80,80545.0,36.0,Marketing,India,Senior
47.0,67,,,Értékesítés,Japán,Junior
47.0,85,112822.0,34.0,HR,India,Középhaladó
56.0,51,92146.0,22.0,IT,USA,Középhaladó
60.0,63,91966.0,5.0,Értékesítés,Franciaország,Senior
55.0,62,59922.0,3.0,HR,Brazília,Senior
46.0,78,99364.0,17.0,IT,USA,Senior
36.0,61,,8.0,IT,Brazília,Középhaladó
28.0,88,117033.0,28.0,HR,Németország,Középhaladó
52.0,51,124792.0,,HR,Brazília,Junior
39.0,81,139425.0,,Marketing,India,Középhaladó
32.0,62,75677.0,,Értékesítés,Brazília,Junior
47.0,95,122154.0,21.0,Értékesítés,Japán,Senior
48.0,76,,3.0,Marketing,USA,Senior
32.0,98,66332.0,4.0,IT,USA,Középhaladó
54.0,90,112062.0,,HR,Brazília,Senior
25.0,66,139863.0,12.0,HR,USA,Senior
37.0,89,115694.0,33.0,HR,Japán,Középhaladó
24.0,80,45032.0,21.0,IT,USA,Junior
44.0,83,57846.0,22.0,HR,Brazília,Középhaladó
21.0,73,79474.0,2.0,HR,Franciaország,Junior
29.0,94,64936.0,33.0,Marketing,Franciaország,Középhaladó
49.0,84,49794.0,31.0,IT,Németország,Középhaladó
64.0,97,81588.0,20.0,Értékesítés,USA,Senior
24.0,55,90984.0,20.0,Marketing,Brazília,Középhaladó
52.0,68,,10.0,Marketing,USA,Középhaladó
20.0,79,114397.0,38.0,Értékesítés,India,Junior
37.0,56,48141.0,3.0,Marketing,Japán,Senior
51.0,59,29074.0,0.0,IT,USA,Junior
30.0,90,26406.0,27.0,HR,USA,Junior
40.0,81,117359.0,23.0,IT,Franciaország,Senior
45.0,83,143279.0,34.0,Értékesítés,Japán,Senior
44.0,77,43291.0,12.0,Értékesítés,Brazília,Senior
41.0,64,61568.0,33.0,Marketing,USA,Középhaladó
46.0,79,,10.0,IT,Franciaország,Senior
32.0,86,66851.0,35.0,IT,Németország,Senior
52.0,78,119942.0,16.0,Értékesítés,Japán,Senior
53.0,71,74823.0,34.0,IT,Franciaország,Junior
60.0,53,43312.0,17.0,Értékesítés,Franciaország,Junior
54.0,69,63108.0,39.0,IT,Franciaország,Középhaladó
20.0,81,86918.0,21.0,IT,USA,Junior
40.0,85,,23.0,IT,USA,Középhaladó
25.0,99,61779.0,18.0,Értékesítés,Németország,Junior
47.0,53,88828.0,36.0,Marketing,India,Senior
36.0,76,127315.0,38.0,IT,India,Junior
24.0,66,118723.0,20.0,Értékesítés,India,Középhaladó
50.0,61,32411.0,7.0,Értékesítés,Japán,Junior
24.0,71,122821.0,,IT,Japán,Senior
57.0,66,137990.0,4.0,IT,Németország,Középhaladó
22.0,59,77009.0,16.0,Marketing,Japán,Senior
42.0,50,35422.0,36.0,Értékesítés,India,Senior
56.0,71,62468.0,35.0,Értékesítés,India,Középhaladó
56.0,75,52371.0,18.0,HR,Franciaország,Senior
29.0,67,77022.0,26.0,Értékesítés,Japán,Senior
29.0,99,91229.0,33.0,Marketing,USA,Junior
38.0,63,119071.0,10.0,HR,USA,Senior
36.0,96,71196.0,,HR,Franciaország,Senior
40.0,78,100354.0,20.0,HR,Franciaország,Senior
33.0,61,116774.0,10.0,IT,Franciaország,Senior
28.0,85,,38.0,IT,USA,Középhaladó
20.0,84,46715.0,27.0,Értékesítés,India,Junior
64.0,61,47605.0,4.0,HR,Franciaország,Senior
32.0,56,119853.0,16.0,Marketing,Németország,Senior
23.0,78,51174.0,19.0,IT,Franciaország,Középhaladó
20.0,60,29956.0,11.0,Marketing,Brazília,Senior
59.0,82,124444.0,5.0,Marketing,Franciaország,Középhaladó
51.0,55,,16.0,IT,USA,Junior
53.0,96,89252.0,,IT,Japán,Junior
47.0,64,81949.0,25.0,IT,Franciaország,Senior
50.0,81,82646.0,31.0,IT,Japán,Senior
27.0,60,90017.0,5.0,HR,Brazília,Senior
58.0,72,83037.0,35.0,HR,Németország,Középhaladó
45.0,75,,37.0,HR,Japán,Senior
53.0,83,26548.0,10.0,HR,India,Senior
22.0,95,,32.0,Értékesítés,Franciaország,Junior
31.0,83,123141.0,23.0,HR,Brazília,Senior
20.0,78,93294.0,22.0,IT,Brazília,Junior
63.0,53,129204.0,14.0,Marketing,Japán,Senior
24.0,66,43177.0,,HR,Németország,Junior
49.0,84,44022.0,10.0,Értékesítés,USA,Senior
49.0,62,126297.0,16.0,IT,Franciaország,Junior
36.0,90,140695.0,13.0,Marketing,Brazília,Középhaladó
42.0,88,25542.0,26.0,Marketing,Németország,Junior
34.0,64,111012.0,17.0,HR,India,Junior
56.0,78,116320.0,27.0,Marketing,Brazília,Junior
40.0,78,80428.0,3.0,HR,Németország,Senior
33.0,60,42740.0,6.0,HR,USA,Senior
21.0,81,79353.0,34.0,IT,USA,Senior
30.0,51,110353.0,8.0,IT,Brazília,Középhaladó
58.0,96,133132.0,7.0,Értékesítés,Brazília,Középhaladó
57.0,63,76532.0,16.0,IT,Japán,Junior
53.0,69,36052.0,16.0,IT,Franciaország,Középhaladó
57.0,71,120689.0,32.0,HR,Németország,Junior
53.0,60,67076.0,31.0,IT,Brazília,Junior
37.0,76,73420.0,7.0,HR,Franciaország,Junior
49.0,52,20671.0,18.0,HR,Japán,Középhaladó
34.0,66,20163.0,37.0,IT,Franciaország,Senior
46.0,93,61424.0,2.0,Értékesítés,Brazília,Középhaladó
53.0,77,129538.0,4.0,Értékesítés,USA,Junior
57.0,78,73744.0,12.0,Marketing,Németország,Junior
52.0,70,90331.0,30.0,Marketing,Németország,Középhaladó
43.0,96,30634.0,15.0,IT,USA,Junior
34.0,65,24798.0,31.0,Értékesítés,Brazília,Junior
49.0,86,42420.0,21.0,HR,Németország,Középhaladó
61.0,69,,28.0,Marketing,Brazília,Középhaladó
36.0,55,140575.0,21.0,HR,Japán,Középhaladó
24.0,68,147158.0,2.0,Marketing,Brazília,Junior
48.0,54,49300.0,9.0,IT,Franciaország,Junior
23.0,52,109881.0,20.0,Értékesítés,USA,Senior
29.0,50,30749.0,15.0,Marketing,Brazília,Senior
36.0,87,124131.0,11.0,Értékesítés,Japán,Középhaladó
29.0,64,45121.0,1.0,HR,India,Senior
36.0,83,,,IT,USA,Junior
39.0,84,,34.0,Értékesítés,Németország,Senior
43.0,98,113947.0,,IT,Franciaország,Junior
24.0,74,53361.0,29.0,Értékesítés,Németország,Középhaladó
53.0,73,41223.0,34.0,HR,Japán,Középhaladó
25.0,61,92930.0,18.0,HR,Japán,Junior
21.0,67,34056.0,7.0,IT,Németország,Senior
32.0,64,48380.0,25.0,HR,USA,Középhaladó
62.0,93,46035.0,39.0,Marketing,Németország,Középhaladó
62.0,65,50620.0,6.0,Értékesítés,Brazília,Senior
30.0,76,39877.0,,HR,Németország,Senior
42.0,57,145481.0,6.0,Marketing,Franciaország,Junior
35.0,95,75316.0,,IT,Franciaország,Senior
50.0,74,84041.0,0.0,Marketing,India,Senior
30.0,66,128940.0,,IT,Franciaország,Senior
35.0,78,,24.0,IT,Németország,Junior
27.0,57,73352.0,36.0,Értékesítés,Franciaország,Junior
23.0,64,50911.0,0.0,Értékesítés,USA,Középhaladó
59.0,76,52784.0,14.0,Marketing,Franciaország,Junior
23.0,95,,36.0,Értékesítés,Brazília,Középhaladó
44.0,99,53160.0,12.0,Értékesítés,USA,Senior
22.0,56,110536.0,39.0,Értékesítés,India,Középhaladó
51.0,52,124576.0,7.0,Marketing,Brazília,Középhaladó
22.0,78,84641.0,4.0,HR,Németország,Senior
46.0,93,69723.0,8.0,Értékesítés,Németország,Középhaladó
48.0,73,23631.0,0.0,Értékesítés,Németország,Junior
51.0,52,26172.0,35.0,Marketing,Brazília,Junior
38.0,69,62080.0,34.0,HR,Brazília,Junior
40.0,95,109097.0,1.0,Értékesítés,Brazília,Junior
24.0,64,,39.0,IT,USA,Középhaladó
37.0,74,40281.0,22.0,Marketing,Japán,Középhaladó
47.0,79,48671.0,,Értékesítés,USA,Senior
61.0,63,142811.0,,Értékesítés,Németország,Középhaladó
41.0,56,71431.0,13.0,IT,Japán,Középhaladó
40.0,66,110900.0,3.0,IT,Franciaország,Középhaladó
25.0,93,142139.0,29.0,Marketing,Németország,Senior
20.0,69,127210.0,,Marketing,India,Junior
24.0,85,147734.0,37.0,IT,USA,Középhaladó
60.0,58,112961.0,10.0,Marketing,Brazília,Senior
31.0,87,135463.0,34.0,IT,USA,Senior
45.0,97,48602.0,7.0,Értékesítés,Brazília,Senior
53.0,71,108789.0,2.0,IT,Japán,Junior
33.0,51,,13.0,IT,India,Középhaladó
45.0,73,,12.0,HR,Japán,Senior
64.0,57,69230.0,,IT,India,Junior
46.0,60,93616.0,33.0,IT,USA,Senior
28.0,62,27099.0,18.0,HR,Brazília,Senior
45.0,66,138614.0,37.0,Marketing,Japán,Senior
41.0,57,45431.0,15.0,HR,India,Senior
49.0,70,76492.0,1.0,Értékesítés,Németország,Senior
62.0,67,,39.0,HR,Németország,Junior
36.0,79,67684.0,16.0,Értékesítés,Japán,Középhaladó
45.0,67,50111.0,33.0,Marketing,Brazília,Középhaladó
55.0,95,125387.0,15.0,HR,Japán,Középhaladó
20.0,96,83936.0,37.0,HR,USA,Középhaladó
27.0,80,42614.0,1.0,Marketing,India,Junior
54.0,87,112260.0,1.0,Értékesítés,USA,Junior
34.0,81,61991.0,25.0,HR,Németország,Junior
41.0,60,90476.0,12.0,Értékesítés,India,Senior
33.0,94,137959.0,30.0,HR,Japán,Senior
45.0,74,,33.0,IT,USA,Senior
47.0,82,114294.0,38.0,HR,Franciaország,Középhaladó
42.0,87,83530.0,2.0,Marketing,Brazília,Senior
33.0,90,56224.0,7.0,Marketing,Brazília,Középhaladó
43.0,57,27788.0,,Értékesítés,Franciaország,Senior
21.0,60,48082.0,13.0,HR,Németország,Középhaladó
64.0,71,143287.0,26.0,Értékesítés,India,Senior
45.0,73,109570.0,28.0,Értékesítés,Brazília,Senior
33.0,90,121015.0,38.0,IT,Franciaország,Junior
26.0,66,96816.0,38.0,IT,Japán,Senior
22.0,61,103588.0,0.0,Marketing,Franciaország,Senior
42.0,95,36531.0,16.0,Értékesítés,Németország,Junior
62.0,81,108340.0,29.0,Marketing,Németország,Középhaladó
64.0,64,114439.0,12.0,HR,USA,Junior
37.0,65,64857.0,20.0,Értékesítés,Brazília,Junior
57.0,71,30142.0,18.0,Értékesítés,USA,Középhaladó
54.0,77,135053.0,18.0,HR,Franciaország,Senior
34.0,69,68355.0,24.0,HR,India,Középhaladó
44.0,82,29866.0,21.0,Marketing,India,Senior
56.0,59,90067.0,,Marketing,Németország,Senior
47.0,89,130990.0,16.0,HR,India,Középhaladó
29.0,81,123634.0,22.0,Marketing,India,Junior
58.0,99,123814.0,31.0,HR,India,Középhaladó
36.0,82,145426.0,9.0,Értékesítés,Franciaország,Senior
58.0,51,84027.0,,Értékesítés,India,Középhaladó
41.0,82,77906.0,35.0,IT,Japán,Középhaladó
45.0,82,48138.0,7.0,Értékesítés,India,Senior
63.0,90,112601.0,19.0,HR,India,Junior
44.0,62,49956.0,31.0,Marketing,USA,Középhaladó
36.0,79,127268.0,13.0,IT,Franciaország,Senior
32.0,82,124797.0,27.0,Marketing,Németország,Senior
39.0,62,144917.0,23.0,HR,USA,Középhaladó
44.0,75,146303.0,14.0,Értékesítés,Brazília,Junior
23.0,71,96295.0,21.0,IT,Franciaország,Középhaladó
29.0,88,25439.0,29.0,HR,Japán,Junior
22.0,51,67241.0,3.0,IT,Franciaország,Junior
60.0,87,62533.0,12.0,IT,Brazília,Junior
64.0,88,48270.0,22.0,Értékesítés,Brazília,Junior
37.0,75,98815.0,7.0,HR,Brazília,Középhaladó
55.0,95,,,Marketing,Németország,Senior
41.0,99,129787.0,11.0,IT,India,Senior
53.0,64,,30.0,IT,Franciaország,Senior
27.0,83,37630.0,13.0,Marketing,India,Senior
59.0,91,81063.0,33.0,HR,India,Senior
63.0,93,138527.0,17.0,IT,Japán,Senior
38.0,98,143239.0,,IT,Brazília,Középhaladó
61.0,89,147896.0,10.0,IT,Németország,Junior
60.0,60,55144.0,11.0,HR,Japán,Senior
56.0,52,72161.0,14.0,HR,USA,Középhaladó
25.0,55,116718.0,30.0,Marketing,Németország,Senior
45.0,58,145873.0,28.0,HR,India,Senior
53.0,55,111074.0,25.0,HR,Németország,Junior
64.0,58,97360.0,17.0,Értékesítés,Brazília,Junior
25.0,88,70979.0,,Marketing,USA,Junior
56.0,80,117661.0,21.0,IT,Brazília,Senior
52.0,81,26979.0,37.0,HR,USA,Senior
41.0,90,46189.0,16.0,IT,Japán,Senior
40.0,99,62600.0,,IT,India,Junior
25.0,61,79560.0,23.0,Értékesítés,USA,Középhaladó
25.0,57,98040.0,7.0,HR,USA,Senior
23.0,57,143257.0,5.0,Marketing,USA,Senior
49.0,99,81558.0,4.0,HR,Németország,Senior
30.0,77,106205.0,28.0,IT,Japán,Középhaladó
49.0,69,26910.0,27.0,Marketing,Németország,Senior
50.0,96,77713.0,10.0,HR,India,Középhaladó
43.0,56,66857.0,0.0,IT,USA,Senior
28.0,60,54964.0,18.0,IT,Japán,Középhaladó
22.0,69,,8.0,Értékesítés,Japán,Senior
50.0,65,45227.0,26.0,Értékesítés,Franciaország,Junior
59.0,53,25978.0,33.0,Értékesítés,India,Junior
56.0,55,107527.0,3.0,IT,Japán,Junior
55.0,71,,35.0,HR,USA,Junior
43.0,75,79765.0,17.0,Értékesítés,USA,Senior
50.0,52,119084.0,,HR,Japán,Junior
25.0,90,128212.0,12.0,Értékesítés,Németország,Középhaladó
21.0,91,59071.0,18.0,Marketing,India,Junior
39.0,63,132990.0,5.0,Marketing,USA,Junior
47.0,60,89519.0,11.0,Értékesítés,Japán,Junior
30.0,67,29503.0,36.0,IT,USA,Senior
23.0,61,80703.0,16.0,Értékesítés,Japán,Junior
34.0,72,84379.0,22.0,Értékesítés,India,Középhaladó
25.0,61,,25.0,IT,Japán,Junior
49.0,62,77866.0,28.0,Marketing,Franciaország,Junior
57.0,74,36905.0,32.0,HR,Japán,Junior
21.0,94,65838.0,26.0,Értékesítés,Japán,Középhaladó
34.0,68,145200.0,24.0,IT,India,Junior
30.0,95,78279.0,9.0,Értékesítés,Japán,Középhaladó
27.0,85,109489.0,22.0,IT,India,Középhaladó
45.0,94,46806.0,20.0,HR,Franciaország,Junior
64.0,57,65000.0,20.0,HR,India,Középhaladó
63.0,78,42168.0,12.0,Marketing,USA,Senior
24.0,81,90119.0,36.0,IT,India,Junior
25.0,93,58714.0,32.0,IT,Franciaország,Junior
45.0,67,74093.0,23.0,Marketing,Brazília,Középhaladó
23.0,55,75419.0,10.0,Marketing,Japán,Középhaladó
38.0,67,69145.0,16.0,IT,India,Junior
39.0,68,,3.0,Marketing,Japán,Senior
52.0,71,97425.0,,HR,Németország,Középhaladó
39.0,86,112949.0,29.0,Értékesítés,USA,Középhaladó
31.0,81,97811.0,8.0,HR,USA,Senior
20.0,90,22461.0,,Marketing,Németország,Senior
45.0,52,34291.0,19.0,IT,Németország,Junior
33.0,77,66804.0,18.0,IT,India,Senior
57.0,59,96971.0,,HR,Németország,Junior
56.0,84,113471.0,11.0,IT,Brazília,Senior
30.0,78,84946.0,,Marketing,Japán,Középhaladó
55.0,64,118989.0,16.0,HR,Japán,Junior
32.0,82,104080.0,36.0,IT,Franciaország,Junior
62.0,56,141719.0,38.0,Értékesítés,Németország,Junior
22.0,61,81332.0,,Értékesítés,Németország,Senior
52.0,98,97794.0,34.0,Marketing,Brazília,Középhaladó
25.0,79,50841.0,,IT,USA,Junior
29.0,70,,13.0,Marketing,USA,Junior
24.0,80,140029.0,34.0,HR,Japán,Junior
42.0,73,68758.0,6.0,Értékesítés,Japán,Junior
29.0,69,134726.0,12.0,HR,India,Középhaladó
63.0,86,,17.0,IT,Brazília,Senior
21.0,53,57643.0,36.0,Marketing,Franciaország,Középhaladó
32.0,77,70408.0,12.0,Marketing,Franciaország,Junior
59.0,93,,35.0,Marketing,Brazília,Középhaladó
21.0,69,76849.0,30.0,HR,Franciaország,Junior
39.0,73,120500.0,1.0,Értékesítés,USA,Senior
20.0,99,48044.0,15.0,HR,Franciaország,Senior
56.0,98,125469.0,8.0,HR,Franciaország,Senior
28.0,81,145588.0,8.0,IT,Brazília,Junior
36.0,90,,37.0,IT,Brazília,Középhaladó
28.0,85,99751.0,10.0,IT,Franciaország,Senior
30.0,83,118605.0,21.0,Értékesítés,Németország,Junior
34.0,85,43911.0,32.0,Értékesítés,Brazília,Junior
43.0,51,,35.0,IT,India,Középhaladó
57.0,64,102566.0,22.0,IT,India,Senior
54.0,83,114870.0,33.0,Értékesítés,USA,Junior
49.0,85,34571.0,8.0,Marketing,Franciaország,Középhaladó
50.0,55,128255.0,23.0,Értékesítés,Németország,Senior
24.0,88,149226.0,7.0,Értékesítés,USA,Középhaladó
63.0,91,114463.0,6.0,Értékesítés,Franciaország,Középhaladó
33.0,61,77941.0,35.0,IT,Brazília,Junior
30.0,52,78005.0,17.0,Marketing,India,Junior
28.0,94,106250.0,2.0,Értékesítés,Japán,Junior
53.0,67,78712.0,27.0,IT,Németország,Középhaladó
31.0,89,,5.0,HR,Japán,Junior
54.0,70,43387.0,20.0,HR,India,Középhaladó
54.0,64,113980.0,27.0,Értékesítés,Japán,Középhaladó
20.0,82,68908.0,39.0,HR,Brazília,Junior
59.0,84,105457.0,0.0,Marketing,Franciaország,Senior
41.0,75,,35.0,HR,Brazília,Senior
48.0,57,84028.0,20.0,HR,Japán,Senior
27.0,85,130804.0,34.0,Marketing,Brazília,Középhaladó
30.0,97,,12.0,Értékesítés,India,Középhaladó
60.0,79,,,Értékesítés,Németország,Középhaladó
56.0,72,44858.0,9.0,Marketing,Brazília,Junior
33.0,91,68689.0,12.0,Marketing,India,Középhaladó
49.0,93,64638.0,36.0,Marketing,Németország,Junior
54.0,63,111598.0,37.0,HR,Franciaország,Junior
40.0,63,122386.0,23.0,Marketing,Japán,Senior
56.0,51,66486.0,1.0,IT,Franciaország,Senior
24.0,86,40567.0,21.0,HR,USA,Senior
38.0,54,49739.0,16.0,Értékesítés,India,Junior
