Eletkor,Pontszam,Jovedelem,Tapasztalat,Osztaly,Orszag,Szint
58,63,64965,12,Marketing,India,Középhaladó
48,75,145932,21,IT,India,Senior
34,53,24648,36,IT,Németország,Senior
62,74,55133,32,HR,Brazília,Senior
58,74,114588,22,HR,Japán,Junior
38,67,119950,28,IT,India,Senior
42,89,118317,29,Értékesítés,Brazília,Középhaladó
30,57,90135,38,Marketing,Japán,Középhaladó
30,88,55046,24,IT,Németország,Középhaladó
43,89,67064,36,Marketing,USA,Középhaladó
55,63,121459,7,Marketing,Németország,Középhaladó
59,81,126625,15,Értékesítés,Németország,Junior
22,82,65893,0,Értékesítés,USA,Junior
41,72,121520,4,Marketing,India,Senior
21,64,145818,2,IT,India,Középhaladó
43,82,81272,0,Marketing,USA,Senior
63,74,112152,3,IT,Japán,Középhaladó
49,66,142907,39,IT,Franciaország,Junior
57,82,87649,34,Értékesítés,India,Senior
40,51,144132,33,HR,Japán,Középhaladó
52,63,139044,24,Marketing,USA,Középhaladó
31,89,128542,9,Marketing,Japán,Középhaladó
41,89,33760,20,HR,India,Junior
63,88,41927,38,Értékesítés,Németország,Középhaladó
44,55,106475,26,Marketing,USA,Junior
46,55,81367,26,Marketing,Brazília,Senior
61,52,117955,1,IT,Franciaország,Középhaladó
47,56,32588,12,Marketing,Japán,Középhaladó
35,57,141750,8,HR,USA,Középhaladó
63,64,124734,21,Értékesítés,USA,Középhaladó
22,96,138154,25,IT,India,Junior
26,82,64738,16,HR,India,Középhaladó
40,79,53397,13,IT,Japán,Középhaladó
28,88,102189,13,Értékesítés,Brazília,Senior
58,76,96367,33,IT,India,Senior
37,85,144873,19,Értékesítés,USA,Senior
23,78,91260,10,IT,India,Középhaladó
44,87,140585,15,HR,Németország,Senior
33,82,96619,30,Marketing,India,Senior
28,86,131453,5,Marketing,Japán,Junior
45,76,39816,18,Értékesítés,Brazília,Senior
39,53,26276,3,Értékesítés,Japán,Junior
26,51,124199,19,IT,Japán,Junior
63,59,99530,9,HR,USA,Középhaladó
27,54,43499,23,Marketing,Japán,Középhaladó
33,82,128856,25,IT,Japán,Középhaladó
36,87,102495,36,Marketing,Franciaország,Junior
55,62,141717,37,Marketing,Németország,Középhaladó
59,80,91635,20,Marketing,Franciaország,Senior
23,96,127803,39,HR,Japán,Senior
21,85,105112,38,Értékesítés,Németország,Junior
48,78,91652,3,Marketing,Brazília,Junior
37,57,35563,19,HR,Németország,Senior
45,54,112324,16,HR,USA,Középhaladó
63,78,112464,6,Értékesítés,Németország,Junior
53,96,121872,3,Marketing,Brazília,Középhaladó
29,53,29847,28,HR,Franciaország,Junior
55,61,46155,13,Marketing,Japán,Senior
33,94,99671,2,Értékesítés,Japán,Junior
50,51,136891,23,HR,Franciaország,Junior
34,76,103310,36,Értékesítés,Japán,Senior
27,80,87278,15,Marketing,Japán,Középhaladó
33,85,38309,3,Marketing,Brazília,Senior
42,85,20619,23,Értékesítés,Franciaország,Junior
59,75,103194,33,IT,India,Senior
40,92,70108,29,HR,USA,Junior
35,76,54707,17,Marketing,USA,Senior
37,69,145261,30,HR,USA,Középhaladó
43,60,101537,18,Értékesítés,Franciaország,Junior
45,59,86504,18,Értékesítés,Franciaország,Középhaladó
44,89,67614,21,Értékesítés,Németország,Junior
64,87,111428,23,IT,Németország,Senior
48,57,20281,29,Marketing,India,Középhaladó
34,72,47420,37,Értékesítés,Németország,Középhaladó
20,75,59030,35,Marketing,Franciaország,Junior
26,92,106213,35,Marketing,Japán,Középhaladó
28,61,96260,29,IT,USA,Középhaladó
43,75,48404,32,Marketing,Németország,Senior
20,62,123482,17,IT,India,Senior
63,89,125284,27,Marketing,India,Junior
27,67,49856,10,Értékesítés,USA,Junior
43,74,29200,32,HR,India,Középhaladó
30,82,84178,16,Értékesítés,India,Senior
36,96,53997,5,Marketing,India,Középhaladó
27,89,45611,3,Marketing,Németország,Középhaladó
54,61,61235,26,IT,India,Senior
24,85,55057,5,HR,Németország,Junior
61,97,21239,13,Marketing,USA,Junior
58,53,123674,10,Marketing,Franciaország,Középhaladó
60,54,134474,38,IT,Németország,Junior
26,57,146945,25,Értékesítés,India,Senior
28,91,65272,15,HR,USA,Junior
27,98,109393,4,IT,USA,Középhaladó
53,80,144088,2,HR,USA,Junior
52,58,35398,12,IT,Franciaország,Középhaladó
42,78,140030,29,Értékesítés,USA,Középhaladó
43,63,76503,5,IT,Franciaország,Középhaladó
56,89,26638,16,Értékesítés,India,Senior
54,90,26570,18,IT,Franciaország,Senior
63,71,88785,34,HR,India,Junior
41,72,125899,4,HR,Franciaország,Középhaladó
46,50,99141,28,HR,Németország,Senior
20,86,59062,19,Értékesítés,USA,Senior
54,70,42911,20,Marketing,Japán,Középhaladó
56,75,124061,9,Marketing,Brazília,Középhaladó
33,95,52556,4,Marketing,USA,Junior
22,85,98131,35,HR,USA,Senior
20,72,148335,5,HR,India,Senior
24,50,21969,25,Marketing,USA,Senior
45,89,63753,3,HR,Japán,Középhaladó
58,70,24470,38,Értékesítés,Franciaország,Senior
46,96,141863,34,Értékesítés,Brazília,Középhaladó
28,58,30225,0,HR,Franciaország,Középhaladó
34,58,127860,23,Marketing,Japán,Középhaladó
34,59,143008,35,IT,USA,Senior
61,90,128295,30,IT,India,Senior
51,74,125823,23,Értékesítés,Franciaország,Senior
58,75,33669,24,HR,Németország,Senior
51,60,57380,35,HR,USA,Senior
23,87,144398,20,Értékesítés,India,Senior
49,51,130677,29,IT,Franciaország,Senior
56,56,135886,23,IT,Franciaország,Középhaladó
42,67,146753,29,IT,India,Senior
58,76,68320,21,Értékesítés,Japán,Junior
64,83,67414,27,IT,Japán,Középhaladó
34,76,123542,6,Értékesítés,USA,Senior
62,66,35577,34,Marketing,Németország,Junior
55,93,108009,13,Értékesítés,Németország,Junior
32,73,146365,9,HR,Japán,Junior
26,56,48625,15,IT,Brazília,Junior
41,55,101040,30,Értékesítés,USA,Középhaladó
61,98,85838,5,HR,Brazília,Senior
64,78,116999,8,IT,USA,Junior
25,92,130448,35,HR,USA,Középhaladó
47,71,114795,19,Marketing,India,Senior
47,75,70138,17,Értékesítés,Németország,Középhaladó
63,77,62823,20,IT,Németország,Középhaladó
63,99,57208,3,Értékesítés,India,Senior
39,70,74061,32,IT,India,Junior
49,98,50659,26,Értékesítés,Japán,Junior
30,56,149824,6,IT,Brazília,Junior
47,66,121376,5,IT,India,Junior
44,69,51890,14,IT,Franciaország,Senior
58,90,99134,17,IT,Németország,Senior
52,98,67055,31,IT,India,Senior
46,71,39508,19,IT,Franciaország,Senior
32,77,62287,23,IT,Franciaország,Junior
22,98,46984,6,Értékesítés,Japán,Junior
58,56,130169,20,HR,Franciaország,Junior
25,50,28125,25,IT,Japán,Senior
27,81,56059,13,HR,Brazília,Senior
46,62,89569,36,IT,Franciaország,Junior
28,79,123409,20,IT,Brazília,Junior
56,72,37087,17,Értékesítés,Brazília,Középhaladó
52,68,126437,4,Marketing,Franciaország,Senior
61,81,135262,2,Marketing,Németország,Középhaladó
63,79,25704,22,Értékesítés,Franciaország,Középhaladó
43,78,80576,25,HR,Franciaország,Középhaladó
34,98,93384,36,Marketing,Japán,Junior
51,94,107128,23,Értékesítés,Franciaország,Középhaladó
51,78,131279,18,Értékesítés,Németország,Középhaladó
43,79,92460,24,Marketing,Japán,Junior
60,65,47208,20,HR,USA,Senior
58,68,149612,32,IT,Brazília,Középhaladó
21,67,105150,3,HR,Brazília,Junior
22,50,86024,6,HR,Németország,Senior
56,63,59882,21,Marketing,India,Középhaladó
36,96,45923,32,Marketing,USA,Középhaladó
21,99,146561,16,IT,Brazília,Junior
21,51,134044,23,Értékesítés,USA,Középhaladó
47,77,121477,33,Marketing,Németország,Senior
42,98,49165,27,Marketing,Németország,Junior
51,79,111749,21,Marketing,India,Senior
52,87,24114,16,Marketing,Japán,Senior
20,53,84965,33,Marketing,Németország,Középhaladó
38,50,56321,5,Marketing,Brazília,Középhaladó
63,78,116652,33,IT,Franciaország,Senior
45,88,119304,0,IT,India,Junior
51,52,133942,9,Értékesítés,Franciaország,Junior
25,81,45426,20,Marketing,Brazília,Középhaladó
51,59,37772,4,HR,India,Középhaladó
23,59,123754,1,Értékesítés,Franciaország,Junior
30,68,23712,21,Értékesítés,Brazília,Senior
36,95,21367,1,IT,USA,Középhaladó
57,83,126493,9,HR,Brazília,Senior
24,72,135142,15,HR,India,Középhaladó
53,77,111736,38,IT,Németország,Középhaladó
41,99,23726,11,IT,Franciaország,Középhaladó
35,78,47723,39,IT,Németország,Középhaladó
52,57,146969,37,Marketing,Brazília,Junior
28,50,123110,9,Marketing,Németország,Középhaladó
25,52,120494,34,HR,India,Senior
35,73,29108,31,Értékesítés,India,Senior
48,72,97714,6,HR,Japán,Senior
22,57,55643,20,Értékesítés,Japán,Középhaladó
55,86,123896,25,Értékesítés,Brazília,Senior
38,52,103360,3,HR,Németország,Senior
45,82,130896,21,HR,India,Junior
22,77,28927,14,Értékesítés,India,Junior
38,96,113680,39,Marketing,Franciaország,Junior
26,84,99973,21,HR,USA,Senior
60,81,83449,27,Marketing,India,Junior
52,73,129834,13,Értékesítés,Franciaország,Középhaladó
59,63,125314,26,IT,Németország,Senior
58,81,96743,39,Marketing,Japán,Középhaladó
37,95,141805,27,IT,Japán,Középhaladó
59,92,80233,25,Marketing,Brazília,Középhaladó
20,65,45537,1,Marketing,Németország,Junior
30,53,121293,24,HR,Brazília,Középhaladó
47,86,97576,2,IT,Franciaország,Senior
44,70,127522,7,Értékesítés,USA,Junior
49,97,26471,5,Értékesítés,Németország,Junior
26,59,128997,24,Marketing,Németország,Junior
35,56,112059,18,IT,Németország,Senior
21,72,84732,10,Értékesítés,USA,Senior
20,70,21177,11,IT,Japán,Középhaladó
31,68,24760,9,Marketing,Japán,Senior
24,97,52779,7,Értékesítés,USA,Junior
56,68,41636,23,Értékesítés,Franciaország,Junior
51,85,101889,27,IT,Japán,Senior
28,78,73551,35,Marketing,Franciaország,Junior
60,67,31556,36,Értékesítés,Japán,Senior
54,51,47598,20,Marketing,India,Junior
38,50,31563,7,Marketing,USA,Középhaladó
35,96,66819,8,Marketing,Japán,Senior
22,54,129326,14,IT,India,Középhaladó
39,69,93770,39,HR,Brazília,Középhaladó
52,91,46966,19,Értékesítés,Németország,Középhaladó
43,51,140133,5,Marketing,Japán,Senior
30,52,101709,11,IT,India,Középhaladó
57,69,98714,15,IT,Japán,Junior
39,86,78348,2,Marketing,India,Senior
54,87,44596,26,Marketing,Brazília,Középhaladó
44,79,53174,39,HR,Japán,Senior
54,58,84106,37,IT,Brazília,Junior
44,83,127510,32,Értékesítés,Németország,Középhaladó
48,93,89967,27,HR,India,Középhaladó
37,71,113300,7,Értékesítés,Brazília,Középhaladó
21,93,107163,36,HR,USA,Középhaladó
35,66,76088,36,Értékesítés,USA,Középhaladó
60,59,148803,3,Értékesítés,India,Junior
55,79,28906,29,IT,Japán,Junior
52,95,56914,5,Marketing,Japán,Középhaladó
52,81,65379,31,IT,India,Junior
33,66,98612,8,Marketing,Franciaország,Junior
40,99,134828,11,HR,India,Junior
39,66,147445,10,HR,Brazília,Középhaladó
26,58,66881,0,HR,Németország,Senior
22,89,66413,20,Értékesítés,Japán,Junior
52,94,70115,12,Értékesítés,Japán,Junior
31,74,27151,33,Értékesítés,Franciaország,Középhaladó
41,88,77716,3,HR,India,Junior
41,58,113747,27,Értékesítés,India,Középhaladó
57,95,62652,26,Marketing,Németország,Junior
64,53,92430,4,Értékesítés,Franciaország,Középhaladó
27,75,33467,24,IT,USA,Középhaladó
46,94,148647,32,HR,India,Középhaladó
53,83,141999,3,Értékesítés,Japán,Junior
40,72,134793,24,HR,Franciaország,Középhaladó
52,60,84157,33,IT,Brazília,Középhaladó
52,67,32289,4,Értékesítés,India,Középhaladó
24,70,64976,34,IT,Franciaország,Senior
38,91,63596,27,Értékesítés,India,Középhaladó
23,85,43171,28,Marketing,Németország,Junior
54,90,120441,8,Értékesítés,Franciaország,Senior
36,87,146296,37,Marketing,India,Középhaladó
63,83,106365,5,Értékesítés,Franciaország,Senior
47,66,138218,18,HR,Franciaország,Középhaladó
49,86,119590,10,IT,India,Senior
48,74,134014,1,Marketing,India,Junior
25,87,64139,8,Értékesítés,USA,Középhaladó
54,61,68713,20,IT,Franciaország,Középhaladó
60,72,49734,23,Értékesítés,Brazília,Junior
43,71,83646,21,IT,Franciaország,Junior
48,70,23654,2,Értékesítés,India,Junior
50,76,109022,11,Marketing,Franciaország,Senior
52,55,68368,29,HR,Franciaország,Középhaladó
42,83,26441,27,HR,India,Junior
52,61,139735,25,Értékesítés,Franciaország,Középhaladó
22,94,44611,32,Értékesítés,Japán,Középhaladó
37,56,139891,20,Értékesítés,Japán,Középhaladó
44,59,127971,34,IT,Japán,Középhaladó
61,94,32149,33,Értékesítés,Németország,Középhaladó
50,66,120102,17,Értékesítés,USA,Középhaladó
22,75,79189,10,IT,Brazília,Junior
59,70,127904,22,IT,Franciaország,Középhaladó
51,95,91031,16,Értékesítés,Franciaország,Senior
41,51,62668,4,Értékesítés,Franciaország,Junior
21,50,149582,29,Marketing,India,Junior
46,85,96666,14,Értékesítés,India,Junior
61,75,108204,26,Marketing,Németország,Középhaladó
21,78,100758,34,HR,Franciaország,Középhaladó
36,60,43669,19,HR,Brazília,Senior
59,89,54068,15,Értékesítés,India,Junior
52,60,108789,33,HR,India,Senior
28,85,29435,1,Marketing,Franciaország,Senior
62,98,114088,34,IT,Franciaország,Junior
48,89,57384,27,HR,Németország,Senior
61,84,148782,38,Értékesítés,India,Középhaladó
45,83,101929,5,Marketing,Franciaország,Senior
54,96,147959,8,HR,USA,Senior
44,73,96153,19,HR,Brazília,Középhaladó
43,71,124056,0,HR,Franciaország,Középhaladó
26,82,51401,22,IT,Japán,Junior
55,85,145511,2,Marketing,Németország,Senior
64,96,91831,3,Értékesítés,Brazília,Középhaladó
39,69,139503,24,Értékesítés,India,Junior
20,68,135760,37,IT,Franciaország,Senior
27,84,121529,14,Marketing,India,Középhaladó
33,66,54084,34,IT,India,Junior
31,94,140387,13,Marketing,Brazília,Junior
34,83,125111,11,IT,Brazília,Senior
47,58,75826,16,Marketing,Japán,Középhaladó
53,75,56451,38,Értékesítés,USA,Junior
51,58,51910,34,Marketing,Brazília,Senior
42,58,56041,12,Értékesítés,Japán,Senior
41,89,108920,14,Marketing,USA,Senior
44,66,85681,17,HR,Japán,Középhaladó
41,50,123314,32,Marketing,Franciaország,Senior
41,74,101571,5,HR,Franciaország,Senior
61,92,85481,26,IT,India,Junior
25,89,88576,22,Marketing,Németország,Junior
34,91,127958,26,IT,Franciaország,Senior
62,74,149265,33,Értékesítés,Japán,Senior
56,88,147556,37,HR,Németország,Junior
52,84,84174,13,Marketing,Franciaország,Senior
27,52,46160,35,IT,India,Középhaladó
63,99,135170,7,HR,Brazília,Középhaladó
63,86,137867,34,HR,India,Középhaladó
24,93,37633,18,Értékesítés,USA,Senior
58,93,114880,29,Értékesítés,Franciaország,Junior
23,79,37014,13,HR,USA,Senior
25,87,100532,19,HR,USA,Senior
59,93,36014,25,Értékesítés,USA,Senior
35,98,112578,37,Marketing,Brazília,Junior
32,66,53755,22,IT,USA,Senior
61,59,60390,21,Értékesítés,Brazília,Középhaladó
49,98,43711,18,Marketing,Japán,Középhaladó
38,96,111658,2,Marketing,Japán,Junior
36,61,77993,18,IT,Németország,Junior
38,65,94696,8,Marketing,USA,Senior
47,73,47213,27,HR,India,Junior
45,68,135788,19,IT,Japán,Senior
56,57,124956,6,Értékesítés,Japán,Junior
42,70,27421,8,HR,Brazília,Senior
31,72,119073,13,Marketing,USA,Senior
20,86,37727,37,Marketing,Franciaország,Középhaladó
20,65,132418,35,HR,Franciaország,Senior
53,55,24358,39,Értékesítés,Brazília,Junior
44,74,146609,29,HR,Brazília,Középhaladó
59,67,114018,8,IT,Japán,Senior
35,64,108700,13,Értékesítés,Brazília,Junior
58,75,51910,10,Értékesítés,Németország,Senior
24,90,146888,34,Értékesítés,Japán,Középhaladó
41,94,118032,13,Értékesítés,India,Junior
48,75,75754,29,Marketing,India,Senior
22,96,82438,3,IT,Németország,Junior
31,81,129847,3,IT,India,Junior
45,59,49371,27,Értékesítés,USA,Középhaladó
35,65,71501,7,Értékesítés,Japán,Junior
56,56,80946,1,IT,Németország,Középhaladó
41,66,58467,21,Marketing,Brazília,Junior
33,75,53893,28,HR,Németország,Junior
47,70,96329,29,IT,Franciaország,Senior
24,71,51007,11,Értékesítés,Brazília,Senior
49,56,111302,34,Értékesítés,Franciaország,Junior
24,63,59532,10,Marketing,Japán,Senior
31,64,74253,20,HR,Brazília,Junior
35,56,32323,20,Marketing,India,Junior
45,58,131335,4,HR,Németország,Senior
45,97,132356,19,IT,Japán,Senior
40,57,130944,36,HR,USA,Középhaladó
52,78,36456,8,Marketing,Japán,Senior
49,67,51367,8,IT,Japán,Junior
56,80,74624,3,HR,Franciaország,Senior
42,79,30106,34,HR,India,Junior
24,84,88008,33,HR,Franciaország,Junior
53,91,135395,31,Értékesítés,USA,Senior
50,88,136492,0,Értékesítés,Franciaország,Junior
29,66,92240,7,HR,Franciaország,Junior
38,63,84315,22,IT,Brazília,Középhaladó
51,80,89249,39,IT,India,Senior
20,73,90587,11,IT,Németország,Senior
24,84,30756,11,IT,USA,Középhaladó
64,93,88011,14,Értékesítés,USA,Középhaladó
23,94,56378,18,Értékesítés,India,Senior
35,83,24255,25,Marketing,Japán,Középhaladó
43,52,34484,28,HR,Japán,Senior
35,86,145703,21,HR,Brazília,Senior
21,92,76549,39,IT,Brazília,Junior
47,89,54503,20,Értékesítés,India,Junior
51,75,144465,37,IT,Brazília,Senior
46,72,93794,19,Marketing,USA,Senior
39,93,145941,28,HR,USA,Senior
43,88,126283,3,HR,Németország,Senior
31,64,120732,6,IT,Japán,Senior
54,98,65113,27,Marketing,India,Senior
52,53,125730,27,HR,Franciaország,Középhaladó
52,78,94069,3,Marketing,Japán,Senior
62,71,118117,21,Marketing,Franciaország,Középhaladó
56,74,25249,11,IT,Németország,Középhaladó
31,62,145654,2,Értékesítés,Németország,Senior
22,67,139979,21,IT,Brazília,Senior
59,94,78576,33,Értékesítés,Franciaország,Senior
62,93,145281,0,HR,Németország,Középhaladó
63,51,29686,7,HR,Japán,Középhaladó
48,84,132413,22,HR,Németország,Középhaladó
32,91,73363,37,IT,Brazília,Junior
31,83,117543,5,IT,India,Középhaladó
50,79,20661,21,Marketing,Brazília,Junior
21,62,64843,24,HR,Franciaország,Senior
54,62,115673,17,IT,India,Senior
42,67,80963,16,HR,Japán,Középhaladó
36,81,133092,11,IT,USA,Senior
45,81,62828,5,Értékesítés,Brazília,Senior
27,84,68604,25,Értékesítés,Franciaország,Senior
48,88,30526,26,HR,Japán,Senior
45,95,88910,7,Marketing,India,Junior
29,78,45592,18,IT,Japán,Junior
45,98,48982,0,IT,Brazília,Középhaladó
53,78,20207,28,Értékesítés,Németország,Középhaladó
26,65,137181,39,Marketing,USA,Senior
23,93,108733,13,Marketing,Brazília,Senior
64,96,118936,34,Marketing,India,Junior
30,59,144982,19,HR,India,Junior
48,79,145839,12,Értékesítés,Brazília,Középhaladó
55,74,88619,37,HR,India,Junior
44,88,49328,7,Értékesítés,Németország,Junior
40,69,66479,19,Értékesítés,Japán,Junior
55,54,128427,32,IT,Brazília,Junior
29,50,40103,25,Értékesítés,Németország,Junior
56,79,59891,38,Értékesítés,Japán,Középhaladó
28,98,30754,20,HR,Japán,Középhaladó
54,94,101437,23,HR,Franciaország,Középhaladó
54,63,118540,36,Marketing,Brazília,Senior
55,79,92982,16,Értékesítés,Japán,Junior
58,53,75922,20,HR,India,Középhaladó
43,86,49301,38,IT,Németország,Senior
42,74,111652,12,Marketing,Japán,Középhaladó
51,97,140787,10,HR,Franciaország,Junior
31,95,82711,10,HR,Brazília,Junior
42,58,38752,0,IT,USA,Középhaladó
54,98,102205,18,HR,Németország,Senior
60,73,118452,11,HR,USA,Junior
36,61,105957,7,HR,India,Junior
39,86,141237,11,Értékesítés,Németország,Középhaladó
44,86,76273,32,IT,USA,Junior
41,92,147431,25,Értékesítés,Japán,Senior
38,88,24895,27,IT,USA,Középhaladó
55,95,139968,4,HR,Németország,Középhaladó
31,73,135700,7,Értékesítés,Franciaország,Senior
60,60,96559,24,Értékesítés,Brazília,Középhaladó
38,62,30699,26,Értékesítés,USA,Junior
31,83,85061,22,Értékesítés,Németország,Senior
28,74,29715,29,IT,India,Középhaladó
26,56,39169,22,IT,USA,Középhaladó
47,53,145436,19,Marketing,USA,Junior
38,78,139264,1,HR,Franciaország,Középhaladó
35,94,25782,3,Értékesítés,India,Junior
24,95,108177,29,HR,Németország,Senior
54,59,149772,32,Értékesítés,India,Középhaladó
31,92,144481,35,Marketing,USA,Középhaladó
44,83,104328,17,Marketing,Brazília,Senior
40,75,135028,36,HR,Brazília,Senior
42,98,50682,27,HR,Franciaország,Középhaladó
35,52,67864,39,Marketing,Brazília,Középhaladó
58,55,149992,19,Értékesítés,USA,Középhaladó
61,54,75114,11,HR,Németország,Junior
58,96,147810,14,IT,Brazília,Középhaladó
33,72,58067,38,HR,Franciaország,Senior
50,98,62685,1,Marketing,USA,Középhaladó
24,58,142262,28,Marketing,Japán,Junior
54,84,38073,9,Marketing,India,Középhaladó
42,69,56035,1,Marketing,India,Junior
62,91,122710,12,IT,USA,Középhaladó
37,99,103362,13,HR,Japán,Junior
31,67,110517,17,HR,Franciaország,Senior
28,66,85450,8,Marketing,India,Junior
29,73,30382,38,HR,USA,Középhaladó
63,52,24437,27,Marketing,Brazília,Középhaladó
36,81,90971,2,IT,Németország,Senior
57,84,84612,19,IT,Japán,Junior
26,87,110355,5,Értékesítés,Japán,Junior
32,62,81929,26,IT,Brazília,Junior
59,96,122411,1,IT,Brazília,Középhaladó
61,74,117518,28,Értékesítés,USA,Junior
28,58,118864,37,HR,India,Senior
46,53,32329,2,Marketing,Franciaország,Középhaladó
24,86,45169,29,HR,Japán,Junior
48,83,107468,39,Értékesítés,Brazília,Senior
56,60,54594,1,HR,India,Középhaladó
57,90,96957,16,IT,Japán,Középhaladó
27,77,65033,34,Értékesítés,Brazília,Junior
64,78,83133,0,Értékesítés,Franciaország,Senior
41,52,93861,25,HR,Japán,Senior
36,74,72290,36,Értékesítés,Németország,Középhaladó
26,83,114031,20,Értékesítés,Japán,Senior
44,61,51750,30,Értékesítés,India,Senior
64,91,115155,24,HR,Japán,Senior
55,64,93800,23,IT,USA,Junior
25,89,98222,37,Marketing,Japán,Középhaladó
50,74,132020,27,Értékesítés,Japán,Junior
38,54,44226,20,Marketing,Franciaország,Senior
63,60,26721,17,Marketing,Németország,Senior
58,83,76154,35,IT,Franciaország,Senior
29,64,72130,8,HR,Brazília,Senior
45,87,92909,37,Marketing,USA,Junior
38,57,124211,29,Marketing,Franciaország,Junior
58,54,75249,33,HR,India,Senior
22,97,68895,31,HR,India,Középhaladó
64,75,114473,2,IT,Japán,Középhaladó
32,67,25656,2,Értékesítés,Brazília,Senior
47,97,83740,22,Marketing,Japán,Középhaladó
27,62,84309,39,Marketing,India,Középhaladó
60,77,49984,10,HR,Németország,Senior
58,54,138947,31,IT,Brazília,Középhaladó
22,66,25901,32,IT,Brazília,Középhaladó
57,78,93965,36,HR,USA,Junior
64,83,31138,36,HR,India,Középhaladó
51,89,55298,0,HR,USA,Középhaladó
64,76,71112,0,IT,Japán,Senior
40,62,43429,19,Marketing,Brazília,Középhaladó
35,94,70200,18,HR,USA,Junior
30,55,68244,9,HR,India,Középhaladó
56,73,137217,17,IT,USA,Középhaladó
55,68,134055,27,Marketing,Németország,Senior
54,65,121268,34,Marketing,Németország,Junior
33,90,66659,4,Marketing,Németország,Középhaladó
34,62,60108,7,IT,Franciaország,Junior
20,94,109099,11,HR,India,Junior
35,91,130719,0,HR,Brazília,Junior
30,76,114299,3,Értékesítés,India,Középhaladó
31,87,97452,4,IT,Németország,Senior
29,56,94270,29,Értékesítés,Japán,Senior
51,54,53613,23,Értékesítés,Németország,Junior
35,92,48179,2,Értékesítés,USA,Középhaladó
57,80,72188,3,IT,India,Senior
31,72,75099,25,Értékesítés,Németország,Junior
47,59,98213,26,Marketing,Japán,Senior
27,81,137407,5,HR,Japán,Középhaladó
47,92,38268,14,Értékesítés,Németország,Junior
55,79,97866,29,IT,India,Senior
45,88,106269,36,IT,Franciaország,Középhaladó
27,80,80545,36,Marketing,India,Senior
47,85,112822,34,HR,India,Középhaladó
56,51,92146,22,IT,USA,Középhaladó
60,63,91966,5,Értékesítés,Franciaország,Senior
55,62,59922,3,HR,Brazília,Senior
46,78,99364,17,IT,USA,Senior
28,88,117033,28,HR,Németország,Középhaladó
47,95,122154,21,Értékesítés,Japán,Senior
32,98,66332,4,IT,USA,Középhaladó
25,66,139863,12,HR,USA,Senior
37,89,115694,33,HR,Japán,Középhaladó
24,80,45032,21,IT,USA,Junior
44,83,57846,22,HR,Brazília,Középhaladó
21,73,79474,2,HR,Franciaország,Junior
29,94,64936,33,Marketing,Franciaország,Középhaladó
49,84,49794,31,IT,Németország,Középhaladó
64,97,81588,20,Értékesítés,USA,Senior
24,55,90984,20,Marketing,Brazília,Középhaladó
20,79,114397,38,Értékesítés,India,Junior
37,56,48141,3,Marketing,Japán,Senior
51,59,29074,0,IT,USA,Junior
30,90,26406,27,HR,USA,Junior
40,81,117359,23,IT,Franciaország,Senior
45,83,143279,34,Értékesítés,Japán,Senior
44,77,43291,12,Értékesítés,Brazília,Senior
41,64,61568,33,Marketing,USA,Középhaladó
32,86,66851,35,IT,Németország,Senior
52,78,119942,16,Értékesítés,Japán,Senior
53,71,74823,34,IT,Franciaország,Junior
60,53,43312,17,Értékesítés,Franciaország,Junior
54,69,63108,39,IT,Franciaország,Középhaladó
20,81,86918,21,IT,USA,Junior
25,99,61779,18,Értékesítés,Németország,Junior
47,53,88828,36,Marketing,India,Senior
36,76,127315,38,IT,India,Junior
24,66,118723,20,Értékesítés,India,Középhaladó
50,61,32411,7,Értékesítés,Japán,Junior
57,66,137990,4,IT,Németország,Középhaladó
22,59,77009,16,Marketing,Japán,Senior
42,50,35422,36,Értékesítés,India,Senior
56,71,62468,35,Értékesítés,India,Középhaladó
56,75,52371,18,HR,Franciaország,Senior
29,67,77022,26,Értékesítés,Japán,Senior
29,99,91229,33,Marketing,USA,Junior
38,63,119071,10,HR,USA,Senior
40,78,100354,20,HR,Franciaország,Senior
33,61,116774,10,IT,Franciaország,Senior
20,84,46715,27,Értékesítés,India,Junior
64,61,47605,4,HR,Franciaország,Senior
32,56,119853,16,Marketing,Németország,Senior
23,78,51174,19,IT,Franciaország,Középhaladó
20,60,29956,11,Marketing,Brazília,Senior
59,82,124444,5,Marketing,Franciaország,Középhaladó
47,64,81949,25,IT,Franciaország,Senior
50,81,82646,31,IT,Japán,Senior
27,60,90017,5,HR,Brazília,Senior
58,72,83037,35,HR,Németország,Középhaladó
53,83,26548,10,HR,India,Senior
31,83,123141,23,HR,Brazília,Senior
20,78,93294,22,IT,Brazília,Junior
63,53,129204,14,Marketing,Japán,Senior
49,84,44022,10,Értékesítés,USA,Senior
49,62,126297,16,IT,Franciaország,Junior
36,90,140695,13,Marketing,Brazília,Középhaladó
42,88,25542,26,Marketing,Németország,Junior
34,64,111012,17,HR,India,Junior
56,78,116320,27,Marketing,Brazília,Junior
40,78,80428,3,HR,Németország,Senior
33,60,42740,6,HR,USA,Senior
21,81,79353,34,IT,USA,Senior
30,51,110353,8,IT,Brazília,Középhaladó
58,96,133132,7,Értékesítés,Brazília,Középhaladó
57,63,76532,16,IT,Japán,Junior
53,69,36052,16,IT,Franciaország,Középhaladó
57,71,120689,32,HR,Németország,Junior
53,60,67076,31,IT,Brazília,Junior
37,76,73420,7,HR,Franciaország,Junior
49,52,20671,18,HR,Japán,Középhaladó
34,66,20163,37,IT,Franciaország,Senior
46,93,61424,2,Értékesítés,Brazília,Középhaladó
53,77,129538,4,Értékesítés,USA,Junior
57,78,73744,12,Marketing,Németország,Junior
52,70,90331,30,Marketing,Németország,Középhaladó
43,96,30634,15,IT,USA,Junior
34,65,24798,31,Értékesítés,Brazília,Junior
49,86,42420,21,HR,Németország,Középhaladó
36,55,140575,21,HR,Japán,Középhaladó
24,68,147158,2,Marketing,Brazília,Junior
48,54,49300,9,IT,Franciaország,Junior
23,52,109881,20,Értékesítés,USA,Senior
29,50,30749,15,Marketing,Brazília,Senior
36,87,124131,11,Értékesítés,Japán,Középhaladó
29,64,45121,1,HR,India,Senior
24,74,53361,29,Értékesítés,Németország,Középhaladó
53,73,41223,34,HR,Japán,Középhaladó
25,61,92930,18,HR,Japán,Junior
21,67,34056,7,IT,Németország,Senior
32,64,48380,25,HR,USA,Középhaladó
62,93,46035,39,Marketing,Németország,Középhaladó
62,65,50620,6,Értékesítés,Brazília,Senior
42,57,145481,6,Marketing,Franciaország,Junior
50,74,84041,0,Marketing,India,Senior
27,57,73352,36,Értékesítés,Franciaország,Junior
23,64,50911,0,Értékesítés,USA,Középhaladó
59,76,52784,14,Marketing,Franciaország,Junior
44,99,53160,12,Értékesítés,USA,Senior
22,56,110536,39,Értékesítés,India,Középhaladó
51,52,124576,7,Marketing,Brazília,Középhaladó
22,78,84641,4,HR,Németország,Senior
46,93,69723,8,Értékesítés,Németország,Középhaladó
48,73,23631,0,Értékesítés,Németország,Junior
51,52,26172,35,Marketing,Brazília,Junior
38,69,62080,34,HR,Brazília,Junior
40,95,109097,1,Értékesítés,Brazília,Junior
37,74,40281,22,Marketing,Japán,Középhaladó
41,56,71431,13,IT,Japán,Középhaladó
40,66,110900,3,IT,Franciaország,Középhaladó
25,93,142139,29,Marketing,Németország,Senior
24,85,147734,37,IT,USA,Középhaladó
60,58,112961,10,Marketing,Brazília,Senior
31,87,135463,34,IT,USA,Senior
45,97,48602,7,Értékesítés,Brazília,Senior
53,71,108789,2,IT,Japán,Junior
46,60,93616,33,IT,USA,Senior
28,62,27099,18,HR,Brazília,Senior
45,66,138614,37,Marketing,Japán,Senior
41,57,45431,15,HR,India,Senior
49,70,76492,1,Értékesítés,Németország,Senior
36,79,67684,16,Értékesítés,Japán,Középhaladó
45,67,50111,33,Marketing,Brazília,Középhaladó
55,95,125387,15,HR,Japán,Középhaladó
20,96,83936,37,HR,USA,Középhaladó
27,80,42614,1,Marketing,India,Junior
54,87,112260,1,Értékesítés,USA,Junior
34,81,61991,25,HR,Németország,Junior
41,60,90476,12,Értékesítés,India,Senior
33,94,137959,30,HR,Japán,Senior
47,82,114294,38,HR,Franciaország,Középhaladó
42,87,83530,2,Marketing,Brazília,Senior
33,90,56224,7,Marketing,Brazília,Középhaladó
21,60,48082,13,HR,Németország,Középhaladó
64,71,143287,26,Értékesítés,India,Senior
45,73,109570,28,Értékesítés,Brazília,Senior
33,90,121015,38,IT,Franciaország,Junior
26,66,96816,38,IT,Japán,Senior
22,61,103588,0,Marketing,Franciaország,Senior
42,95,36531,16,Értékesítés,Németország,Junior
62,81,108340,29,Marketing,Németország,Középhaladó
64,64,114439,12,HR,USA,Junior
37,65,64857,20,Értékesítés,Brazília,Junior
57,71,30142,18,Értékesítés,USA,Középhaladó
54,77,135053,18,HR,Franciaország,Senior
34,69,68355,24,HR,India,Középhaladó
44,82,29866,21,Marketing,India,Senior
47,89,130990,16,HR,India,Középhaladó
29,81,123634,22,Marketing,India,Junior
58,99,123814,31,HR,India,Középhaladó
36,82,145426,9,Értékesítés,Franciaország,Senior
41,82,77906,35,IT,Japán,Középhaladó
45,82,48138,7,Értékesítés,India,Senior
63,90,112601,19,HR,India,Junior
44,62,49956,31,Marketing,USA,Középhaladó
36,79,127268,13,IT,Franciaország,Senior
32,82,124797,27,Marketing,Németország,Senior
39,62,144917,23,HR,USA,Középhaladó
44,75,146303,14,Értékesítés,Brazília,Junior
23,71,96295,21,IT,Franciaország,Középhaladó
29,88,25439,29,HR,Japán,Junior
22,51,67241,3,IT,Franciaország,Junior
60,87,62533,12,IT,Brazília,Junior
64,88,48270,22,Értékesítés,Brazília,Junior
37,75,98815,7,HR,Brazília,Középhaladó
41,99,129787,11,IT,India,Senior
27,83,37630,13,Marketing,India,Senior
59,91,81063,33,HR,India,Senior
63,93,138527,17,IT,Japán,Senior
61,89,147896,10,IT,Németország,Junior
60,60,55144,11,HR,Japán,Senior
56,52,72161,14,HR,USA,Középhaladó
25,55,116718,30,Marketing,Németország,Senior
45,58,145873,28,HR,India,Senior
53,55,111074,25,HR,Németország,Junior
64,58,97360,17,Értékesítés,Brazília,Junior
56,80,117661,21,IT,Brazília,Senior
52,81,26979,37,HR,USA,Senior
41,90,46189,16,IT,Japán,Senior
25,61,79560,23,Értékesítés,USA,Középhaladó
25,57,98040,7,HR,USA,Senior
23,57,143257,5,Marketing,USA,Senior
49,99,81558,4,HR,Németország,Senior
30,77,106205,28,IT,Japán,Középhaladó
49,69,26910,27,Marketing,Németország,Senior
50,96,77713,10,HR,India,Középhaladó
43,56,66857,0,IT,USA,Senior
28,60,54964,18,IT,Japán,Középhaladó
50,65,45227,26,Értékesítés,Franciaország,Junior
59,53,25978,33,Értékesítés,India,Junior
56,55,107527,3,IT,Japán,Junior
43,75,79765,17,Értékesítés,USA,Senior
25,90,128212,12,Értékesítés,Németország,Középhaladó
21,91,59071,18,Marketing,India,Junior
39,63,132990,5,Marketing,USA,Junior
47,60,89519,11,Értékesítés,Japán,Junior
30,67,29503,36,IT,USA,Senior
23,61,80703,16,Értékesítés,Japán,Junior
34,72,84379,22,Értékesítés,India,Középhaladó
49,62,77866,28,Marketing,Franciaország,Junior
57,74,36905,32,HR,Japán,Junior
21,94,65838,26,Értékesítés,Japán,Középhaladó
34,68,145200,24,IT,India,Junior
30,95,78279,9,Értékesítés,Japán,Középhaladó
27,85,109489,22,IT,India,Középhaladó
45,94,46806,20,HR,Franciaország,Junior
64,57,65000,20,HR,India,Középhaladó
63,78,42168,12,Marketing,USA,Senior
24,81,90119,36,IT,India,Junior
25,93,58714,32,IT,Franciaország,Junior
45,67,74093,23,Marketing,Brazília,Középhaladó
23,55,75419,10,Marketing,Japán,Középhaladó
38,67,69145,16,IT,India,Junior
39,86,112949,29,Értékesítés,USA,Középhaladó
31,81,97811,8,HR,USA,Senior
45,52,34291,19,IT,Németország,Junior
33,77,66804,18,IT,India,Senior
56,84,113471,11,IT,Brazília,Senior
55,64,118989,16,HR,Japán,Junior
32,82,104080,36,IT,Franciaország,Junior
62,56,141719,38,Értékesítés,Németország,Junior
52,98,97794,34,Marketing,Brazília,Középhaladó
24,80,140029,34,HR,Japán,Junior
42,73,68758,6,Értékesítés,Japán,Junior
29,69,134726,12,HR,India,Középhaladó
21,53,57643,36,Marketing,Franciaország,Középhaladó
32,77,70408,12,Marketing,Franciaország,Junior
21,69,76849,30,HR,Franciaország,Junior
39,73,120500,1,Értékesítés,USA,Senior
20,99,48044,15,HR,Franciaország,Senior
56,98,125469,8,HR,Franciaország,Senior
28,81,145588,8,IT,Brazília,Junior
28,85,99751,10,IT,Franciaország,Senior
30,83,118605,21,Értékesítés,Németország,Junior
34,85,43911,32,Értékesítés,Brazília,Junior
57,64,102566,22,IT,India,Senior
54,83,114870,33,Értékesítés,USA,Junior
49,85,34571,8,Marketing,Franciaország,Középhaladó
50,55,128255,23,Értékesítés,Németország,Senior
24,88,149226,7,Értékesítés,USA,Középhaladó
63,91,114463,6,Értékesítés,Franciaország,Középhaladó
33,61,77941,35,IT,Brazília,Junior
30,52,78005,17,Marketing,India,Junior
28,94,106250,2,Értékesítés,Japán,Junior
53,67,78712,27,IT,Németország,Középhaladó
54,70,43387,20,HR,India,Középhaladó
54,64,113980,27,Értékesítés,Japán,Középhaladó
20,82,68908,39,HR,Brazília,Junior
59,84,105457,0,Marketing,Franciaország,Senior
48,57,84028,20,HR,Japán,Senior
27,85,130804,34,Marketing,Brazília,Középhaladó
56,72,44858,9,Marketing,Brazília,Junior
33,91,68689,12,Marketing,India,Középhaladó
49,93,64638,36,Marketing,Németország,Junior
54,63,111598,37,HR,Franciaország,Junior
40,63,122386,23,Marketing,Japán,Senior
56,51,66486,1,IT,Franciaország,Senior
24,86,40567,21,HR,USA,Senior
38,54,49739,16,Értékesítés,India,Junior
